tanggal,kode_cuaca,cuaca,suhu_maks (°C),suhu_min (°C),suhu_rata (°C),kelembapan_rata (%),curah_hujan (mm),durasi_hujan (jam),kecepatan_angin_maks (km/jam),hembusan_angin_maks (km/jam),radiasi_matahari (MJ/m²)
2021-09-21,3,Mendung,32.9,25.1,28.727081,65.89045,0.0,0.0,23.023119,45.36,18.02
2021-09-22,53,Gerimis Sedang,32.5,25.9,28.314585,70.78057,2.0,7.0,21.03152,43.199997,17.19
2021-09-23,53,Gerimis Sedang,33.5,26.0,29.185417,69.79603,0.8,3.0,21.316135,50.76,22.28
2021-09-24,53,Gerimis Sedang,30.5,25.25,28.041666,73.93784,1.2,5.0,16.418526,35.28,15.67
2021-09-25,55,Gerimis Lebat,32.35,26.2,28.84583,69.650215,3.3,12.0,16.135872,35.64,22.01
2021-09-26,61,Hujan Ringan,32.9,25.1,28.091665,76.447395,7.4999995,15.0,16.575644,34.92,21.0
2021-09-27,51,Gerimis Ringan,33.35,24.2,28.508333,71.21688,0.5,3.0,18.998314,36.719997,22.73
2021-09-28,3,Mendung,33.6,24.2,28.760416,64.87557,0.0,0.0,19.137648,38.16,25.15
2021-09-29,3,Mendung,34.5,23.35,28.904165,64.37102,0.0,0.0,19.813087,40.32,25.87
2021-09-30,2,Berawan,34.35,24.45,29.325003,65.49152,0.0,0.0,17.873556,37.079998,24.55
2021-10-01,51,Gerimis Ringan,35.75,24.45,29.910416,61.86841,0.2,2.0,16.595179,36.0,24.98
2021-10-02,3,Mendung,33.4,24.55,29.11875,62.631016,0.0,0.0,16.299694,34.92,21.82
2021-10-03,51,Gerimis Ringan,35.05,25.2,29.397919,62.106674,0.1,1.0,13.104198,30.960001,23.66
2021-10-04,63,Hujan Sedang,33.75,25.45,28.350004,69.569084,11.300001,10.0,13.53236,32.039997,21.8
2021-10-05,53,Gerimis Sedang,33.1,24.5,28.277084,69.68191,3.2000003,10.0,11.5199995,32.039997,21.51
2021-10-06,53,Gerimis Sedang,31.65,24.6,27.835411,68.20749,1.5000001,6.0,12.88981,40.32,17.19
2021-10-07,51,Gerimis Ringan,33.55,24.15,28.552086,64.23163,0.4,3.0,11.480557,27.359999,25.12
2021-10-08,51,Gerimis Ringan,34.75,23.5,28.960417,63.63124,0.1,1.0,17.462782,34.92,26.15
2021-10-09,3,Mendung,35.45,23.75,29.199999,62.674694,0.0,0.0,21.611998,41.760002,26.14
2021-10-10,3,Mendung,35.5,24.15,29.59791,64.30065,0.0,0.0,21.791153,41.760002,26.46
2021-10-11,3,Mendung,36.05,24.75,29.887499,59.20129,0.0,0.0,17.026896,35.64,23.65
2021-10-12,3,Mendung,35.3,24.8,29.666664,59.034424,0.0,0.0,25.153671,47.519997,26.11
2021-10-13,3,Mendung,35.5,24.35,29.681253,59.642323,0.0,0.0,21.707731,39.96,26.11
2021-10-14,3,Mendung,35.4,24.8,29.572916,61.355713,0.0,0.0,18.837324,35.28,24.87
2021-10-15,3,Mendung,35.05,24.9,29.704163,63.7856,0.0,0.0,18.374111,35.64,25.5
2021-10-16,3,Mendung,34.85,26.05,30.158327,63.881577,0.0,0.0,17.581125,33.839996,24.94
2021-10-17,61,Hujan Ringan,34.85,25.9,29.583334,67.81192,3.0,4.0,16.641972,34.2,23.48
2021-10-18,63,Hujan Sedang,32.45,26.45,28.595833,75.45937,7.4999995,17.0,15.782622,37.079998,20.82
2021-10-19,63,Hujan Sedang,34.95,25.3,28.687498,73.30502,5.1,4.0,17.698677,36.0,20.76
2021-10-20,53,Gerimis Sedang,34.25,25.35,29.429169,69.2595,1.2,2.0,14.336861,29.519999,24.02
2021-10-21,53,Gerimis Sedang,35.15,24.8,29.381248,69.42105,1.5,3.0,14.565548,28.44,24.14
2021-10-22,63,Hujan Sedang,35.0,24.6,29.210417,69.15419,9.1,5.0,13.450708,30.239998,24.0
2021-10-23,53,Gerimis Sedang,35.75,24.8,29.562502,70.003395,1.2,3.0,15.1884165,32.399998,24.72
2021-10-24,51,Gerimis Ringan,35.7,24.8,29.245832,69.97168,0.90000004,5.0,17.377226,35.64,24.87
2021-10-25,3,Mendung,35.85,25.55,29.985418,65.01397,0.0,0.0,13.089354,29.88,24.91
2021-10-26,51,Gerimis Ringan,35.6,25.55,29.275002,67.28711,0.70000005,4.0,19.826164,38.88,24.7
2021-10-27,65,Hujan Lebat,31.55,25.05,27.785418,79.807526,18.4,16.0,15.7908325,32.760002,17.15
2021-10-28,63,Hujan Sedang,33.15,25.0,28.299997,77.527916,4.9,5.0,16.263872,34.56,21.78
2021-10-29,63,Hujan Sedang,34.15,24.85,28.312502,77.21531,6.8,6.0,14.707222,29.519999,21.52
2021-10-30,61,Hujan Ringan,32.6,24.35,27.75625,79.48926,4.6999993,12.0,20.799152,39.96,19.66
2021-10-31,63,Hujan Sedang,30.65,24.8,27.541666,81.13952,8.5,11.0,13.556282,31.319998,20.5
2021-11-01,63,Hujan Sedang,30.8,24.0,27.077082,82.54841,16.2,16.0,16.418526,32.039997,19.78
2021-11-02,65,Hujan Lebat,31.95,24.45,27.018751,82.4882,18.300001,15.0,11.720751,27.0,19.74
2021-11-03,61,Hujan Ringan,32.0,24.5,27.522917,81.37435,2.9999995,5.0,12.496718,24.119999,19.73
2021-11-04,63,Hujan Sedang,33.0,24.35,27.62292,80.29737,7.9999995,8.0,19.33639,34.92,19.97
2021-11-05,63,Hujan Sedang,29.55,24.9,26.470833,87.388145,7.700001,11.0,13.70839,31.68,15.03
2021-11-06,63,Hujan Sedang,30.8,24.55,27.727087,81.240974,4.5999994,10.0,13.37825,27.72,20.85
2021-11-07,63,Hujan Sedang,31.95,24.55,27.897917,81.32931,8.0,10.0,10.538843,32.760002,22.42
2021-11-08,53,Gerimis Sedang,31.25,23.95,27.562502,81.02755,1.9000001,5.0,10.630672,24.48,18.36
2021-11-09,63,Hujan Sedang,31.8,24.9,27.602081,82.663704,13.900001,12.0,12.661564,28.8,19.58
2021-11-10,65,Hujan Lebat,31.75,24.2,26.91667,85.0344,25.2,11.0,9.114471,21.599998,17.03
2021-11-11,65,Hujan Lebat,30.15,25.05,26.73958,84.63579,23.800001,11.0,12.096214,25.199999,13.8
2021-11-12,65,Hujan Lebat,30.35,24.35,26.916672,84.528854,22.600002,16.0,12.6462,25.56,15.05
2021-11-13,63,Hujan Sedang,29.95,24.7,26.464582,86.59696,26.800003,19.0,18.844202,36.719997,14.8
2021-11-14,63,Hujan Sedang,29.1,24.4,26.262503,87.23652,7.3,16.0,9.114471,21.599998,14.62
2021-11-15,65,Hujan Lebat,28.75,24.75,26.081251,88.528786,21.4,20.0,9.511088,19.8,11.8
2021-11-16,61,Hujan Ringan,30.5,24.1,26.629168,85.31721,4.2,16.0,10.137692,23.039999,17.16
2021-11-17,61,Hujan Ringan,29.65,24.05,27.022913,84.958534,5.0,16.0,15.546833,29.519999,18.46
2021-11-18,53,Gerimis Sedang,31.25,24.55,27.41667,84.10193,2.7,10.0,15.463246,32.760002,22.86
2021-11-19,63,Hujan Sedang,31.5,24.05,26.84375,83.7801,19.599998,10.0,15.277749,34.92,21.23
2021-11-20,63,Hujan Sedang,26.45,24.0,25.300001,90.41422,31.400003,20.0,5.6920996,13.32,4.03
2021-11-21,53,Gerimis Sedang,31.35,23.9,27.039583,85.08288,1.2,4.0,9.904906,20.16,18.71
2021-11-22,63,Hujan Sedang,31.3,24.4,27.33333,85.66861,8.9,9.0,13.513193,28.44,17.9
2021-11-23,65,Hujan Lebat,30.95,24.3,26.612501,86.62084,29.2,19.0,16.62249,31.319998,16.18
2021-11-24,65,Hujan Lebat,30.8,23.8,26.52083,86.433754,17.7,7.0,8.427383,20.519999,16.39
2021-11-25,65,Hujan Lebat,30.75,24.3,26.875,86.49035,9.200002,9.0,14.830076,31.68,19.44
2021-11-26,65,Hujan Lebat,31.0,24.5,26.62292,85.16876,14.8,8.0,10.948973,20.519999,16.59
2021-11-27,63,Hujan Sedang,31.0,24.15,26.375,86.42803,12.900001,17.0,11.480557,24.48,17.67
2021-11-28,63,Hujan Sedang,29.45,24.1,25.806246,86.89645,13.099999,19.0,15.315873,29.16,9.95
2021-11-29,55,Gerimis Lebat,30.45,22.8,26.29583,80.30537,3.0,6.0,10.661107,21.24,20.29
2021-11-30,63,Hujan Sedang,31.1,23.85,26.158333,86.21224,27.999998,13.0,11.119281,24.84,18.44
2021-12-01,63,Hujan Sedang,29.6,24.1,26.027082,88.19598,10.699999,17.0,14.332341,28.08,12.36
2021-12-02,65,Hujan Lebat,32.65,24.2,27.272919,81.07569,30.499998,11.0,12.641076,29.519999,22.54
2021-12-03,53,Gerimis Sedang,30.9,23.8,27.254166,82.68533,2.1,11.0,15.119999,29.88,19.32
2021-12-04,63,Hujan Sedang,29.0,24.35,26.045835,88.06182,40.300003,21.0,17.654688,30.599998,13.47
2021-12-05,63,Hujan Sedang,27.85,24.3,25.877083,88.3747,11.999998,20.0,18.014393,29.88,10.85
2021-12-06,63,Hujan Sedang,29.95,24.6,26.324999,85.96125,8.3,10.0,14.512064,27.72,9.52
2021-12-07,63,Hujan Sedang,30.1,24.5,26.154165,89.1625,13.6,10.0,14.4,33.12,13.02
2021-12-08,63,Hujan Sedang,30.35,24.4,26.691666,86.135864,12.9,11.0,16.394829,30.599998,16.09
2021-12-09,65,Hujan Lebat,32.3,24.05,26.78125,86.0769,20.900002,13.0,14.118243,30.960001,20.13
2021-12-10,63,Hujan Sedang,31.15,24.35,26.735418,86.32183,7.7999997,11.0,12.7279215,31.319998,18.97
2021-12-11,63,Hujan Sedang,31.75,24.35,26.595833,85.61562,9.0,6.0,16.516901,31.319998,19.77
2021-12-12,63,Hujan Sedang,32.8,24.2,27.177086,82.36178,10.900001,9.0,19.602652,36.0,23.31
2021-12-13,63,Hujan Sedang,32.75,24.35,27.839579,79.93637,7.5,6.0,10.514218,23.4,23.76
2021-12-14,63,Hujan Sedang,30.75,24.75,27.222918,84.879654,5.3999996,7.0,13.18308,27.0,18.67
2021-12-15,63,Hujan Sedang,28.4,25.0,26.429169,87.00134,14.6,14.0,15.496736,30.599998,12.45
2021-12-16,63,Hujan Sedang,30.1,24.3,26.810417,87.492714,14.0,15.0,9.3876505,21.96,18.73
2021-12-17,63,Hujan Sedang,31.05,24.7,27.333334,85.07108,4.2,7.0,10.009036,23.039999,19.71
2021-12-18,63,Hujan Sedang,30.7,24.45,27.045832,84.64176,6.4999995,9.0,13.004921,24.119999,20.97
2021-12-19,63,Hujan Sedang,30.95,24.3,27.037504,86.21537,8.500001,11.0,17.49615,34.92,20.57
2021-12-20,63,Hujan Sedang,28.65,24.3,26.137503,88.07476,25.600006,21.0,9.290511,18.359999,12.23
2021-12-21,63,Hujan Sedang,28.15,24.5,26.289581,88.11035,18.3,17.0,12.819235,24.48,9.6
2021-12-22,3,Mendung,31.7,23.85,27.36667,83.605995,0.0,0.0,12.24,23.4,21.41
2021-12-23,65,Hujan Lebat,31.4,24.65,27.181252,83.80322,13.400001,11.0,13.202726,27.0,21.73
2021-12-24,53,Gerimis Sedang,31.85,24.1,27.283335,84.04161,1.1,6.0,17.31746,32.399998,20.92
2021-12-25,63,Hujan Sedang,30.9,24.75,26.893747,84.95977,11.1,9.0,17.87718,34.92,17.28
2021-12-26,65,Hujan Lebat,31.6,24.55,27.275,82.99424,9.6,4.0,16.904673,33.12,21.75
2021-12-27,63,Hujan Sedang,31.75,25.3,27.183334,81.96209,5.7,10.0,15.379206,30.239998,18.46
2021-12-28,63,Hujan Sedang,31.9,23.9,27.062498,82.2122,5.4,6.0,14.4,29.519999,24.76
2021-12-29,63,Hujan Sedang,30.65,24.0,27.016668,84.261215,7.5,10.0,14.24163,25.919998,20.28
2021-12-30,63,Hujan Sedang,30.7,24.55,26.397919,85.94343,13.5,11.0,12.413477,23.759998,16.14
2021-12-31,63,Hujan Sedang,30.35,23.8,25.966667,88.66717,8.5,13.0,19.296133,36.0,16.5
2022-01-01,63,Hujan Sedang,30.7,23.5,26.264585,85.97263,10.2,10.0,14.799459,29.88,21.53
2022-01-02,63,Hujan Sedang,30.95,23.55,26.04792,87.40612,9.9,7.0,17.10284,31.68,18.63
2022-01-03,61,Hujan Ringan,30.7,23.85,26.968752,81.2093,2.8999999,6.0,13.910169,27.359999,22.11
2022-01-04,53,Gerimis Sedang,30.8,24.0,26.833336,82.43865,1.1,2.0,12.015589,25.199999,18.79
2022-01-05,53,Gerimis Sedang,30.0,24.15,26.360415,86.2925,1.7,4.0,14.336861,28.08,19.35
2022-01-06,55,Gerimis Lebat,30.95,23.85,26.556253,84.61083,4.4,8.0,11.726277,26.64,22.26
2022-01-07,63,Hujan Sedang,32.15,22.65,26.760416,80.90498,5.5000005,5.0,9.028754,22.68,22.78
2022-01-08,53,Gerimis Sedang,31.15,23.5,27.354166,77.58906,0.8000001,4.0,7.386582,19.08,25.37
2022-01-09,65,Hujan Lebat,30.05,23.95,26.054169,87.84681,19.5,10.0,19.914215,37.44,15.65
2022-01-10,63,Hujan Sedang,30.35,23.95,26.614584,86.018135,6.299999,10.0,15.141414,29.88,21.26
2022-01-11,63,Hujan Sedang,29.25,23.8,25.645834,89.71485,25.5,16.0,13.896187,32.039997,14.66
2022-01-12,61,Hujan Ringan,28.8,24.1,25.74375,90.06442,9.099999,23.0,17.388409,37.079998,13.88
2022-01-13,61,Hujan Ringan,28.35,24.3,25.533335,89.87994,4.2000003,12.0,15.03835,33.12,10.77
2022-01-14,65,Hujan Lebat,29.05,24.0,25.937494,88.84997,21.900002,11.0,20.774214,37.8,14.3
2022-01-15,65,Hujan Lebat,29.35,24.35,26.085417,87.461235,15.699999,13.0,17.414474,38.16,13.15
2022-01-16,65,Hujan Lebat,28.05,24.2,25.466661,90.41621,24.9,16.0,17.884428,33.12,13.16
2022-01-17,63,Hujan Sedang,29.7,23.8,25.952085,87.15562,9.4,11.0,16.279802,35.28,17.95
2022-01-18,61,Hujan Ringan,28.9,23.3,24.885416,91.06907,13.700001,22.0,16.516901,30.599998,9.92
2022-01-19,63,Hujan Sedang,29.9,23.3,25.439585,88.6029,17.199999,16.0,19.008545,46.8,16.66
2022-01-20,65,Hujan Lebat,28.25,23.05,24.702085,90.04717,26.7,16.0,16.923828,31.68,10.65
2022-01-21,63,Hujan Sedang,30.35,23.6,25.72917,86.609184,5.4,12.0,15.617529,38.519997,17.36
2022-01-22,65,Hujan Lebat,30.65,23.4,25.68125,88.57935,22.599998,10.0,18.723461,37.44,18.11
2022-01-23,65,Hujan Lebat,31.2,24.05,26.754166,85.67892,26.7,9.0,16.299694,32.039997,22.23
2022-01-24,51,Gerimis Ringan,31.65,24.05,27.652084,81.691864,0.5,5.0,18.947083,33.48,22.4
2022-01-25,53,Gerimis Sedang,30.55,24.35,27.056252,82.79013,2.0,7.0,25.872454,45.36,22.06
2022-01-26,61,Hujan Ringan,29.65,24.75,26.831253,85.43939,5.8,8.0,18.161278,39.96,18.03
2022-01-27,55,Gerimis Lebat,30.8,24.45,26.629166,84.84976,2.7,8.0,18.864824,34.92,19.13
2022-01-28,55,Gerimis Lebat,31.5,24.6,26.74792,82.50139,2.2,6.0,16.923828,32.039997,17.56
2022-01-29,61,Hujan Ringan,29.75,23.9,26.300001,85.684296,2.7,9.0,15.484185,29.88,17.36
2022-01-30,61,Hujan Ringan,30.85,24.25,26.645834,86.5863,4.2,9.0,15.484185,29.519999,20.19
2022-01-31,63,Hujan Sedang,30.65,24.6,26.300001,87.73935,11.900001,14.0,22.473343,42.48,18.01
2022-02-01,63,Hujan Sedang,28.95,24.3,25.864586,89.848915,15.7,14.0,15.517629,30.960001,16.06
2022-02-02,63,Hujan Sedang,31.3,23.2,26.32292,86.09089,14.9,11.0,17.566378,31.319998,20.7
2022-02-03,61,Hujan Ringan,31.3,23.85,26.829168,86.322136,7.7999997,11.0,14.917212,32.039997,21.86
2022-02-04,63,Hujan Sedang,31.4,23.9,26.679167,85.77356,12.3,10.0,18.089775,34.2,19.22
2022-02-05,65,Hujan Lebat,29.1,23.85,26.031248,88.545166,26.0,10.0,14.48972,28.8,15.18
2022-02-06,63,Hujan Sedang,29.2,24.05,25.985415,89.11877,15.400001,14.0,17.713316,33.12,17.37
2022-02-07,63,Hujan Sedang,28.1,24.2,25.543749,90.8545,25.9,19.0,20.497883,39.96,10.77
2022-02-08,63,Hujan Sedang,28.8,23.9,26.027084,88.78898,25.400002,16.0,20.390114,39.239998,18.04
2022-02-09,65,Hujan Lebat,30.4,24.2,26.050003,88.37795,30.199999,18.0,15.905319,32.760002,17.99
2022-02-10,63,Hujan Sedang,29.1,24.5,25.75625,90.09751,33.899998,22.0,14.565548,33.12,13.15
2022-02-11,63,Hujan Sedang,29.35,24.3,25.747917,89.89865,9.500001,10.0,12.819235,27.359999,9.29
2022-02-12,65,Hujan Lebat,29.15,23.45,25.7125,89.32217,26.999996,16.0,15.124284,29.16,13.84
2022-02-13,63,Hujan Sedang,29.55,23.6,25.49375,89.83755,36.0,20.0,10.805999,24.84,12.65
2022-02-14,61,Hujan Ringan,27.7,23.8,25.737497,89.14854,12.099999,17.0,8.12197,18.72,8.49
2022-02-15,65,Hujan Lebat,29.2,23.95,26.162498,89.40711,24.300001,15.0,9.339208,20.16,14.93
2022-02-16,53,Gerimis Sedang,29.6,23.85,26.181246,87.43997,2.3,10.0,14.277983,28.8,22.77
2022-02-17,63,Hujan Sedang,27.5,23.75,25.700003,88.055016,18.400002,20.0,15.629972,30.239998,13.33
2022-02-18,61,Hujan Ringan,27.9,24.15,25.762499,88.58941,11.2,18.0,11.384198,24.84,13.78
2022-02-19,63,Hujan Sedang,31.15,24.0,26.764582,85.705086,6.2,4.0,12.496718,25.199999,22.92
2022-02-20,65,Hujan Lebat,29.0,24.45,25.887499,89.88537,36.699997,9.0,14.471821,29.16,12.46
2022-02-21,55,Gerimis Lebat,30.85,24.35,26.074999,85.99279,2.0,6.0,19.376562,46.8,14.81
2022-02-22,55,Gerimis Lebat,31.35,24.05,26.254166,83.75049,2.4999998,9.0,18.161278,33.839996,18.27
2022-02-23,63,Hujan Sedang,31.65,22.55,26.014582,83.08932,11.500001,10.0,13.084402,28.08,25.01
2022-02-24,61,Hujan Ringan,31.4,22.15,26.112501,84.93614,3.1000001,6.0,13.084402,30.960001,22.67
2022-02-25,63,Hujan Sedang,29.35,23.1,25.654167,86.745575,9.8,11.0,16.563911,33.12,21.08
2022-02-26,63,Hujan Sedang,29.15,23.4,25.800001,88.86738,12.099999,15.0,13.783817,28.44,17.59
2022-02-27,63,Hujan Sedang,28.8,23.5,25.808334,89.30314,10.300001,11.0,19.171478,39.96,16.47
2022-02-28,63,Hujan Sedang,28.7,24.05,25.995834,88.395164,17.8,15.0,20.08916,41.399998,18.13
2022-03-01,63,Hujan Sedang,28.9,23.95,25.947916,88.71499,13.0,16.0,19.602652,37.8,15.02
2022-03-02,63,Hujan Sedang,30.25,24.3,26.318748,87.78661,10.1,10.0,25.460936,44.639996,20.7
2022-03-03,63,Hujan Sedang,29.2,24.1,26.19375,87.82779,13.1,11.0,17.581125,34.92,18.26
2022-03-04,55,Gerimis Lebat,32.0,24.1,26.999998,84.198715,1.9000001,4.0,14.480773,30.239998,23.22
2022-03-05,65,Hujan Lebat,30.7,24.05,26.564583,85.544525,13.000001,10.0,14.917212,30.599998,18.98
2022-03-06,65,Hujan Lebat,31.4,24.7,26.920832,83.23095,21.5,9.0,12.413476,24.119999,19.26
2022-03-07,63,Hujan Sedang,30.4,24.25,26.443748,86.685455,6.0000005,8.0,12.7279215,25.919998,18.91
2022-03-08,65,Hujan Lebat,30.9,24.05,26.31875,87.50538,21.7,18.0,9.0645685,23.4,18.78
2022-03-09,53,Gerimis Sedang,30.5,23.85,26.408339,86.395424,3.2,11.0,9.693296,22.319998,19.92
2022-03-10,65,Hujan Lebat,30.6,23.8,26.091667,87.753136,33.399998,16.0,10.739833,30.960001,20.08
2022-03-11,63,Hujan Sedang,30.55,23.55,26.36042,86.2837,7.8999996,9.0,15.03835,30.599998,20.79
2022-03-12,61,Hujan Ringan,28.95,23.7,26.366667,87.76743,8.800001,15.0,14.84318,31.319998,17.73
2022-03-13,63,Hujan Sedang,30.55,24.15,26.68958,87.45773,10.400001,9.0,10.041354,21.24,19.87
2022-03-14,63,Hujan Sedang,30.95,24.15,26.885414,86.64356,13.8,15.0,16.343367,32.039997,22.19
2022-03-15,63,Hujan Sedang,29.2,24.15,26.387497,88.09429,10.299999,15.0,13.044722,29.16,20.25
2022-03-16,61,Hujan Ringan,29.9,24.35,26.7125,87.1981,3.8999996,14.0,20.620806,37.8,17.22
2022-03-17,51,Gerimis Ringan,31.15,23.85,27.547918,85.94769,0.90000004,7.0,12.096214,24.84,23.04
2022-03-18,63,Hujan Sedang,32.0,23.8,26.99375,85.920296,5.6,6.0,9.931042,27.0,24.05
2022-03-19,65,Hujan Lebat,31.35,24.1,26.447916,86.05786,32.699997,12.0,13.679999,27.72,18.32
2022-03-20,65,Hujan Lebat,30.35,24.4,26.520836,87.64132,21.600002,14.0,13.708391,28.8,14.8
2022-03-21,63,Hujan Sedang,30.35,24.3,26.395836,87.14735,13.400002,15.0,12.10157,27.0,17.38
2022-03-22,65,Hujan Lebat,28.55,24.95,26.210413,88.28693,25.100002,15.0,18.899143,33.48,13.42
2022-03-23,53,Gerimis Sedang,30.8,23.8,26.493752,86.93704,2.1000001,6.0,17.377226,32.760002,18.51
2022-03-24,61,Hujan Ringan,31.65,23.5,26.979164,83.30222,2.8999999,10.0,13.441071,26.64,23.63
2022-03-25,53,Gerimis Sedang,30.6,23.55,27.072916,84.94068,1.4000002,8.0,14.77755,23.039999,19.41
2022-03-26,63,Hujan Sedang,30.75,24.45,26.797915,85.86303,15.7,16.0,13.397612,26.28,19.93
2022-03-27,65,Hujan Lebat,29.85,24.35,26.291664,88.07687,15.499999,15.0,16.676977,34.2,16.19
2022-03-28,53,Gerimis Sedang,31.6,23.7,26.985415,83.92874,2.0,7.0,16.135872,26.64,21.66
2022-03-29,63,Hujan Sedang,31.1,23.55,26.820837,84.25766,5.1999993,5.0,12.768586,27.359999,21.03
2022-03-30,63,Hujan Sedang,31.05,24.8,27.550001,81.19384,5.5,5.0,10.829959,21.96,21.49
2022-03-31,63,Hujan Sedang,30.75,24.45,26.737503,84.84377,7.299999,8.0,11.966953,23.759998,20.66
2022-04-01,61,Hujan Ringan,29.75,24.6,26.36875,88.082726,6.7999997,8.0,9.983106,20.519999,15.0
2022-04-02,63,Hujan Sedang,31.05,24.25,26.935417,83.11182,2.8999999,4.0,9.290511,23.4,20.88
2022-04-03,61,Hujan Ringan,32.25,24.15,26.412504,84.929756,6.7,8.0,20.08916,35.64,21.0
2022-04-04,65,Hujan Lebat,31.15,23.3,26.370832,87.57198,18.9,8.0,9.422101,23.4,19.98
2022-04-05,53,Gerimis Sedang,31.25,22.95,26.839582,82.02304,2.6,6.0,10.464797,20.519999,22.68
2022-04-06,65,Hujan Lebat,31.4,24.05,26.720833,86.51428,14.700001,6.0,10.594036,24.84,21.19
2022-04-07,63,Hujan Sedang,31.1,24.7,27.152084,81.95315,9.200001,4.0,9.931042,23.4,20.69
2022-04-08,63,Hujan Sedang,32.1,24.2,27.012505,83.16151,9.9,4.0,14.84318,33.839996,22.09
2022-04-09,53,Gerimis Sedang,31.95,24.3,27.333336,80.55496,1.3000001,4.0,14.693999,27.359999,23.0
2022-04-10,61,Hujan Ringan,31.3,24.55,27.13958,82.46209,2.8,5.0,9.511088,21.24,21.62
2022-04-11,51,Gerimis Ringan,31.7,23.75,27.627085,78.663445,0.2,2.0,12.397806,24.119999,23.24
2022-04-12,51,Gerimis Ringan,31.4,23.95,27.36875,80.23235,1.5,5.0,10.587917,22.319998,22.42
2022-04-13,3,Mendung,31.95,24.2,27.624994,76.5206,0.0,0.0,15.530151,30.239998,22.65
2022-04-14,51,Gerimis Ringan,31.3,23.85,27.797915,77.311035,0.1,1.0,10.948973,25.199999,21.45
2022-04-15,53,Gerimis Sedang,32.3,23.75,28.252083,75.2244,0.70000005,3.0,10.239453,20.16,24.13
2022-04-16,53,Gerimis Sedang,32.6,24.4,28.160416,79.62028,0.8,3.0,11.592894,24.48,21.53
2022-04-17,61,Hujan Ringan,31.95,24.4,27.904165,80.8623,2.6999998,6.0,12.303366,25.199999,20.98
2022-04-18,61,Hujan Ringan,29.75,25.8,27.508333,85.18112,7.1,13.0,13.849476,28.8,16.4
2022-04-19,63,Hujan Sedang,30.6,24.7,26.585417,87.295906,24.699997,17.0,16.179987,29.16,16.25
2022-04-20,65,Hujan Lebat,29.65,24.15,25.858332,89.366905,18.4,14.0,10.990322,23.039999,13.47
2022-04-21,61,Hujan Ringan,29.1,24.2,26.216667,87.40658,4.7000003,15.0,10.787993,23.759998,13.78
2022-04-22,61,Hujan Ringan,31.15,23.5,27.168747,84.927864,2.3,2.0,13.584932,26.28,20.2
2022-04-23,55,Gerimis Lebat,31.55,24.7,27.664581,84.01292,2.2,4.0,11.770403,23.759998,20.52
2022-04-24,61,Hujan Ringan,30.35,24.3,27.150002,85.42251,7.599999,11.0,10.00256,22.319998,16.43
2022-04-25,61,Hujan Ringan,31.8,24.1,27.71875,80.71169,3.6999998,5.0,14.561099,28.44,22.68
2022-04-26,61,Hujan Ringan,29.35,24.7,26.883331,86.302216,3.1999993,11.0,10.636766,25.199999,15.99
2022-04-27,61,Hujan Ringan,31.1,24.6,27.362503,82.785225,3.8,6.0,13.276144,27.72,18.43
2022-04-28,63,Hujan Sedang,30.6,24.2,26.879166,86.4426,18.500002,14.0,11.753877,28.8,17.09
2022-04-29,55,Gerimis Lebat,30.8,24.75,27.377085,85.02959,2.1,7.0,10.233123,21.96,16.83
2022-04-30,61,Hujan Ringan,30.4,25.15,27.089582,85.57452,7.4,10.0,17.309973,33.12,17.69
2022-05-01,61,Hujan Ringan,30.15,25.55,27.637499,84.067375,2.6999998,9.0,17.992796,33.12,19.04
2022-05-02,51,Gerimis Ringan,32.25,24.3,28.445837,78.14619,0.1,1.0,16.563911,32.039997,21.23
2022-05-03,51,Gerimis Ringan,31.9,25.0,28.41458,77.52122,0.3,1.0,16.23596,32.039997,21.58
2022-05-04,53,Gerimis Sedang,31.9,24.5,27.889582,80.55007,2.3,4.0,11.609651,23.759998,20.0
2022-05-05,53,Gerimis Sedang,31.7,24.2,27.910416,79.61332,1.0,3.0,11.792404,23.759998,19.63
2022-05-06,51,Gerimis Ringan,31.85,25.25,28.050001,81.85641,1.1,5.0,13.783817,28.8,19.85
2022-05-07,51,Gerimis Ringan,32.35,25.05,28.247917,81.2808,1.1,6.0,13.755579,29.16,20.28
2022-05-08,63,Hujan Sedang,29.6,24.15,26.777084,86.53745,15.2,18.0,10.587917,23.039999,14.36
2022-05-09,65,Hujan Lebat,29.7,24.85,27.074999,86.40647,21.1,11.0,18.709612,35.28,11.13
2022-05-10,55,Gerimis Lebat,29.95,25.0,26.941668,86.38022,2.2,7.0,16.23596,31.319998,13.06
2022-05-11,51,Gerimis Ringan,29.9,25.05,27.65,85.059555,0.6,4.0,11.91812,29.16,17.5
2022-05-12,63,Hujan Sedang,31.05,24.85,27.31875,86.0773,10.6,17.0,11.384198,24.48,17.63
2022-05-13,63,Hujan Sedang,31.8,23.85,27.199999,86.25754,16.100002,14.0,16.263872,29.519999,19.23
2022-05-14,61,Hujan Ringan,30.95,25.4,27.462503,85.18296,4.9999995,12.0,11.592894,22.68,16.71
2022-05-15,53,Gerimis Sedang,31.75,25.15,27.895834,83.55622,1.8000001,6.0,12.57426,25.919998,20.26
2022-05-16,61,Hujan Ringan,31.95,24.55,27.408335,83.40975,5.2,8.0,11.525623,24.48,19.88
2022-05-17,53,Gerimis Sedang,31.2,23.9,27.520834,81.32167,1.7,4.0,9.0,19.8,16.86
2022-05-18,63,Hujan Sedang,29.35,25.1,27.304169,84.50015,21.5,15.0,17.581125,33.839996,14.65
2022-05-19,63,Hujan Sedang,29.55,24.8,26.293749,88.58935,22.500002,14.0,14.986553,32.039997,12.56
2022-05-20,63,Hujan Sedang,27.95,24.6,26.066666,88.70199,17.100002,16.0,13.493999,28.08,9.37
2022-05-21,53,Gerimis Sedang,29.7,24.8,26.66667,86.7941,1.9000002,11.0,14.658676,27.359999,14.87
2022-05-22,53,Gerimis Sedang,30.25,24.95,27.168749,83.58749,1.9000001,8.0,18.888851,36.0,15.35
2022-05-23,3,Mendung,30.95,26.25,28.581253,75.49615,0.0,0.0,21.41319,38.88,20.2
2022-05-24,61,Hujan Ringan,30.35,26.05,27.981249,80.44018,4.7000003,8.0,19.48661,37.079998,17.83
2022-05-25,63,Hujan Sedang,30.5,24.7,27.456245,84.44301,13.999999,15.0,15.7908325,30.239998,18.35
2022-05-26,63,Hujan Sedang,26.15,23.8,24.966665,92.177925,16.2,20.0,16.203999,28.44,5.11
2022-05-27,63,Hujan Sedang,29.95,23.0,26.027084,86.837715,4.6,6.0,10.495713,22.319998,14.08
2022-05-28,51,Gerimis Ringan,30.8,24.0,27.474993,82.88172,0.6,3.0,9.0,21.96,19.92
2022-05-29,63,Hujan Sedang,30.15,23.85,26.935417,86.01343,4.6999993,11.0,9.3669195,25.56,17.17
2022-05-30,51,Gerimis Ringan,31.3,24.95,27.86042,83.219604,0.3,3.0,8.647496,22.319998,19.61
2022-05-31,61,Hujan Ringan,30.7,24.8,27.347921,83.182915,2.3999999,7.0,7.5685663,20.519999,17.79
2022-06-01,63,Hujan Sedang,29.45,23.55,26.462502,85.34631,9.5,7.0,14.685176,24.84,14.67
2022-06-02,53,Gerimis Sedang,31.45,24.3,27.254168,82.13633,1.2,3.0,13.722565,28.08,19.92
2022-06-03,51,Gerimis Ringan,31.5,23.8,27.175001,82.40167,0.1,1.0,9.726664,19.44,19.29
2022-06-04,53,Gerimis Sedang,30.0,24.5,26.772917,85.17089,1.6,8.0,12.682018,27.72,17.73
2022-06-05,63,Hujan Sedang,29.85,23.7,26.285418,85.439674,20.0,16.0,8.4963045,24.48,16.04
2022-06-06,63,Hujan Sedang,29.0,23.9,26.158333,88.383156,4.2,10.0,11.885453,27.0,14.19
2022-06-07,3,Mendung,31.1,23.35,27.470833,81.17371,0.0,0.0,16.215992,30.239998,19.38
2022-06-08,63,Hujan Sedang,29.2,25.05,26.727083,86.779915,7.5,11.0,16.676977,32.039997,16.01
2022-06-09,61,Hujan Ringan,30.75,23.3,26.660416,83.15454,1.7,1.0,11.709688,26.64,17.38
2022-06-10,61,Hujan Ringan,30.55,24.55,27.033333,84.44912,2.9,5.0,10.931203,22.68,14.1
2022-06-11,53,Gerimis Sedang,30.35,25.0,27.32708,83.90264,2.3000002,10.0,16.24394,30.960001,15.95
2022-06-12,61,Hujan Ringan,30.25,23.8,26.625002,85.42822,6.5000005,9.0,13.039754,25.56,17.49
2022-06-13,63,Hujan Sedang,29.2,23.75,26.379168,86.81558,9.200001,14.0,12.261158,27.359999,14.03
2022-06-14,63,Hujan Sedang,28.4,24.0,26.36458,85.62084,11.0,12.0,11.013882,26.28,13.26
2022-06-15,53,Gerimis Sedang,29.1,24.95,26.889582,84.91945,2.2999997,10.0,18.733839,37.8,15.29
2022-06-16,61,Hujan Ringan,30.15,24.1,26.70833,83.535805,4.2,7.0,18.792551,34.92,16.27
2022-06-17,63,Hujan Sedang,28.8,24.3,26.260414,88.05158,7.7999997,8.0,12.229406,29.519999,14.03
2022-06-18,51,Gerimis Ringan,30.8,23.05,26.67083,83.526634,0.8,3.0,14.618837,30.599998,19.46
2022-06-19,61,Hujan Ringan,29.75,23.2,26.266665,84.95752,3.6999998,8.0,14.512064,30.239998,18.02
2022-06-20,3,Mendung,31.3,23.55,27.23542,80.37952,0.0,0.0,12.144331,25.919998,19.43
2022-06-21,3,Mendung,30.8,23.45,27.302078,76.39597,0.0,0.0,13.207634,22.319998,19.5
2022-06-22,3,Mendung,31.6,22.6,27.410416,71.55811,0.0,0.0,16.167967,30.960001,20.59
2022-06-23,53,Gerimis Sedang,30.45,23.15,26.902086,79.15917,1.0,3.0,17.015474,34.2,19.13
2022-06-24,3,Mendung,31.8,23.3,27.322916,77.32386,0.0,0.0,13.37825,24.84,20.42
2022-06-25,61,Hujan Ringan,30.75,23.65,27.364584,77.26659,2.5,5.0,11.384199,24.48,17.74
2022-06-26,63,Hujan Sedang,30.1,23.9,26.185415,84.33796,10.700002,7.0,10.495713,25.199999,13.82
2022-06-27,61,Hujan Ringan,31.3,23.0,26.577085,81.43303,3.3999999,8.0,15.277749,29.88,17.13
2022-06-28,51,Gerimis Ringan,30.35,23.15,26.764585,78.37023,0.8,5.0,10.24578,20.519999,18.72
2022-06-29,3,Mendung,32.05,22.65,27.34167,68.70395,0.0,0.0,12.10157,19.8,20.39
2022-06-30,3,Mendung,31.8,22.55,27.306252,69.63235,0.0,0.0,9.290511,19.44,20.04
2022-07-01,3,Mendung,31.95,23.8,27.918753,70.974335,0.0,0.0,19.959719,36.36,19.45
2022-07-02,3,Mendung,32.05,24.1,27.895834,72.87382,0.0,0.0,19.35314,38.88,17.94
2022-07-03,61,Hujan Ringan,30.3,25.15,27.597918,81.021576,5.5,6.0,14.044615,30.960001,17.25
2022-07-04,61,Hujan Ringan,29.5,26.2,27.668747,81.45809,3.6,9.0,13.556282,26.64,14.0
2022-07-05,61,Hujan Ringan,30.85,24.95,26.887503,85.69183,6.8999996,9.0,9.983106,23.759998,16.64
2022-07-06,65,Hujan Lebat,29.3,23.3,26.38125,84.053696,24.000002,13.0,9.107359,21.599998,16.8
2022-07-07,51,Gerimis Ringan,30.9,23.85,26.872915,80.30947,1.4000001,11.0,12.605142,23.4,18.9
2022-07-08,51,Gerimis Ringan,30.7,21.4,26.270836,72.06072,0.1,1.0,13.324863,24.48,20.24
2022-07-09,3,Mendung,30.85,21.25,26.258333,65.2788,0.0,0.0,16.766108,29.519999,20.98
2022-07-10,3,Mendung,31.55,22.5,27.28125,69.266,0.0,0.0,18.079027,35.64,21.06
2022-07-11,3,Mendung,32.25,23.45,27.852087,73.85977,0.0,0.0,17.193533,32.760002,20.07
2022-07-12,51,Gerimis Ringan,31.95,24.1,28.079165,75.91361,0.5,3.0,20.16,36.719997,19.71
2022-07-13,53,Gerimis Sedang,30.35,24.7,27.45208,78.61986,2.3000002,13.0,15.315873,34.2,18.04
2022-07-14,63,Hujan Sedang,29.35,23.95,26.264582,84.403755,16.200003,16.0,16.516901,33.12,16.08
2022-07-15,51,Gerimis Ringan,31.1,24.55,28.041664,73.52868,0.1,1.0,19.9954,37.44,18.58
2022-07-16,51,Gerimis Ringan,32.05,24.55,28.125002,71.984764,0.5,3.0,14.081478,28.8,20.02
2022-07-17,51,Gerimis Ringan,29.95,23.5,26.174997,81.127884,1.0,4.0,16.595179,33.48,10.64
2022-07-18,51,Gerimis Ringan,32.2,23.6,27.835417,73.49503,0.2,2.0,17.377226,34.2,20.76
2022-07-19,51,Gerimis Ringan,32.1,23.65,28.133337,70.90927,0.2,2.0,16.676977,33.48,21.38
2022-07-20,3,Mendung,31.4,23.7,27.858335,69.54968,0.0,0.0,16.965895,33.48,21.09
2022-07-21,3,Mendung,32.45,23.25,28.049997,66.881546,0.0,0.0,16.215992,32.399998,21.14
2022-07-22,53,Gerimis Sedang,32.85,23.65,27.908333,71.09933,0.6,2.0,16.862455,33.12,20.17
2022-07-23,51,Gerimis Ringan,33.1,23.95,27.891668,73.84408,0.7,3.0,13.5515,29.88,19.88
2022-07-24,3,Mendung,32.6,23.15,27.72917,67.0306,0.0,0.0,14.512064,28.08,21.24
2022-07-25,3,Mendung,31.4,22.5,26.833336,57.289383,0.0,0.0,18.374111,34.92,22.33
2022-07-26,3,Mendung,32.6,20.5,26.904165,61.43838,0.0,0.0,16.700275,32.760002,22.11
2022-07-27,3,Mendung,32.95,23.25,28.204168,67.0413,0.0,0.0,19.881649,38.88,21.31
2022-07-28,3,Mendung,32.55,24.15,28.458334,68.4534,0.0,0.0,19.296133,37.8,21.55
2022-07-29,3,Mendung,32.6,24.3,28.38125,68.26478,0.0,0.0,19.083395,38.88,21.08
2022-07-30,3,Mendung,32.55,23.65,28.106249,65.27435,0.0,0.0,16.575644,32.039997,21.82
2022-07-31,3,Mendung,31.75,23.25,27.6,67.64977,0.0,0.0,15.0038395,32.039997,21.02
2022-08-01,53,Gerimis Sedang,32.5,23.7,28.254168,68.72556,1.2,3.0,15.496736,32.039997,21.18
2022-08-02,51,Gerimis Ringan,31.8,24.2,27.627083,75.57394,0.5,4.0,23.452555,43.92,18.53
2022-08-03,51,Gerimis Ringan,32.65,25.1,28.570837,72.41647,0.1,1.0,17.673029,35.64,21.63
2022-08-04,51,Gerimis Ringan,33.25,24.15,28.468752,67.81057,0.1,1.0,17.068707,31.68,22.0
2022-08-05,51,Gerimis Ringan,33.05,22.85,27.595835,66.407936,0.3,2.0,15.281989,28.8,23.01
2022-08-06,51,Gerimis Ringan,32.85,22.75,27.879168,68.51116,0.1,1.0,13.1041975,27.72,21.84
2022-08-07,53,Gerimis Sedang,32.45,23.65,27.96875,71.0937,1.4,5.0,12.313893,27.359999,19.21
2022-08-08,3,Mendung,33.4,23.45,28.381248,67.29565,0.0,0.0,20.418695,37.079998,21.75
2022-08-09,3,Mendung,33.8,23.95,28.779165,62.169918,0.0,0.0,22.862125,41.399998,22.54
2022-08-10,3,Mendung,33.85,24.5,28.781252,66.23284,0.0,0.0,20.519999,39.96,21.79
2022-08-11,53,Gerimis Sedang,33.3,24.9,29.068747,67.01028,1.2,2.0,18.504139,36.36,21.06
2022-08-12,61,Hujan Ringan,30.95,26.0,28.191668,74.858864,3.0999997,8.0,16.327497,36.719997,17.09
2022-08-13,63,Hujan Sedang,31.75,24.2,27.306252,78.47584,9.5,11.0,15.893093,34.92,18.22
2022-08-14,63,Hujan Sedang,30.35,24.3,26.112501,85.140594,6.1999993,11.0,21.203358,40.32,15.3
2022-08-15,51,Gerimis Ringan,31.45,24.35,27.191671,80.4805,0.8000001,8.0,17.227419,35.28,20.07
2022-08-16,53,Gerimis Sedang,31.85,24.15,27.443754,78.90152,1.5000001,7.0,12.224107,25.919998,21.21
2022-08-17,3,Mendung,32.05,23.65,27.883331,69.89024,0.0,0.0,19.734436,36.0,22.14
2022-08-18,2,Berawan,32.35,22.5,27.841665,67.94761,0.0,0.0,21.933426,38.88,21.72
2022-08-19,3,Mendung,32.9,23.55,28.150002,67.24167,0.0,0.0,23.266697,42.48,22.98
2022-08-20,3,Mendung,31.9,23.35,27.979166,65.26642,0.0,0.0,20.172853,40.32,23.09
2022-08-21,51,Gerimis Ringan,32.5,24.05,28.237497,64.06956,0.2,2.0,23.000591,39.96,22.66
2022-08-22,3,Mendung,34.0,23.25,28.489586,63.507935,0.0,0.0,20.620806,40.32,23.61
2022-08-23,51,Gerimis Ringan,33.2,24.2,28.802084,64.18903,0.1,1.0,20.316889,37.8,23.17
2022-08-24,3,Mendung,32.65,23.45,28.354172,58.24626,0.0,0.0,23.241617,42.48,24.35
2022-08-25,3,Mendung,33.6,23.45,28.441668,60.889202,0.0,0.0,22.691425,44.28,23.13
2022-08-26,51,Gerimis Ringan,33.9,24.05,28.739584,65.65096,0.1,1.0,20.172853,40.32,22.96
2022-08-27,51,Gerimis Ringan,33.55,24.6,28.368753,68.427635,1.4000001,8.0,13.570615,29.16,20.11
2022-08-28,51,Gerimis Ringan,33.9,24.15,28.464582,62.756424,0.90000004,4.0,13.684735,25.919998,22.34
2022-08-29,3,Mendung,33.85,23.45,28.381248,60.840557,0.0,0.0,20.617662,40.68,24.01
2022-08-30,51,Gerimis Ringan,34.3,24.1,28.849998,64.581505,0.1,1.0,17.884428,33.839996,23.48
2022-08-31,51,Gerimis Ringan,32.35,24.65,28.274996,71.438354,1.8000001,8.0,17.339897,36.0,21.3
2022-09-01,3,Mendung,33.75,24.15,28.937502,69.34217,0.0,0.0,21.068459,41.399998,23.17
2022-09-02,3,Mendung,34.5,24.35,29.250002,67.47716,0.0,0.0,18.35647,34.92,23.85
2022-09-03,51,Gerimis Ringan,34.7,24.3,29.418753,64.115944,0.4,1.0,18.36353,33.839996,24.03
2022-09-04,53,Gerimis Sedang,35.0,24.6,29.070833,65.51894,1.1,5.0,17.373497,33.839996,21.4
2022-09-05,51,Gerimis Ringan,33.0,24.75,28.566666,70.2754,0.6,2.0,14.773164,28.8,17.67
2022-09-06,51,Gerimis Ringan,32.85,23.55,28.185417,72.04794,0.3,2.0,22.26477,42.12,22.47
2022-09-07,53,Gerimis Sedang,32.8,25.5,28.77083,70.310455,1.6000001,6.0,19.881649,39.239998,21.0
2022-09-08,51,Gerimis Ringan,32.8,24.4,28.170832,73.758766,0.4,3.0,14.039999,31.68,19.49
2022-09-09,63,Hujan Sedang,31.25,24.6,27.120832,77.8218,4.3,8.0,14.934577,31.68,14.11
2022-09-10,63,Hujan Sedang,30.85,24.9,26.935417,80.53237,9.3,13.0,15.124284,31.68,18.52
2022-09-11,55,Gerimis Lebat,31.65,23.3,27.220833,78.5456,1.6,5.0,18.472595,36.719997,21.83
2022-09-12,2,Berawan,32.2,24.3,28.310417,72.40216,0.0,0.0,15.716793,33.12,23.53
2022-09-13,3,Mendung,34.2,23.0,28.6875,67.13772,0.0,0.0,18.775301,34.92,25.27
2022-09-14,3,Mendung,33.95,23.85,28.945837,63.816113,0.0,0.0,22.180206,39.6,24.78
2022-09-15,3,Mendung,34.1,23.85,29.172915,63.595078,0.0,0.0,19.959719,36.719997,24.33
2022-09-16,51,Gerimis Ringan,34.7,24.85,29.16667,63.92177,0.1,1.0,20.478907,38.88,21.5
2022-09-17,3,Mendung,35.3,24.45,29.420832,59.5044,0.0,0.0,22.346113,43.92,25.29
2022-09-18,3,Mendung,35.25,23.5,29.168749,62.52016,0.0,0.0,21.24305,41.760002,25.89
2022-09-19,3,Mendung,34.65,23.75,29.233332,59.56039,0.0,0.0,19.813087,38.88,25.44
2022-09-20,51,Gerimis Ringan,34.8,24.3,29.245836,61.92834,0.4,1.0,14.982228,30.239998,22.14
2022-09-21,61,Hujan Ringan,33.6,25.25,28.820831,65.956184,3.1000001,3.0,15.03835,32.039997,19.19
2022-09-22,51,Gerimis Ringan,34.85,24.95,29.412497,65.285484,0.1,1.0,19.969458,40.68,23.81
2022-09-23,3,Mendung,35.25,24.75,29.61458,65.325356,0.0,0.0,21.188072,41.039997,24.49
2022-09-24,3,Mendung,35.05,24.65,29.418747,65.931335,0.0,0.0,17.551615,36.719997,24.6
2022-09-25,3,Mendung,35.55,24.35,29.722916,62.51353,0.0,0.0,23.042812,42.48,25.39
2022-09-26,3,Mendung,35.2,24.75,29.583334,60.894825,0.0,0.0,13.1041975,30.599998,23.62
2022-09-27,3,Mendung,35.7,24.65,29.664581,59.124287,0.0,0.0,22.180206,43.199997,25.49
2022-09-28,3,Mendung,34.95,24.05,29.395836,58.81445,0.0,0.0,21.2522,41.039997,25.72
2022-09-29,61,Hujan Ringan,34.5,24.25,28.98958,63.871426,3.4999998,5.0,17.826363,35.28,25.35
2022-09-30,63,Hujan Sedang,29.55,25.45,27.239584,80.50303,7.8999996,12.0,21.817902,41.039997,17.42
2022-10-01,61,Hujan Ringan,32.75,24.85,27.88333,77.248055,2.3999999,6.0,14.021525,33.48,18.18
2022-10-02,63,Hujan Sedang,33.8,24.45,27.529167,78.9713,18.3,9.0,16.78156,32.039997,16.44
2022-10-03,65,Hujan Lebat,30.05,23.9,25.93125,86.306885,24.300001,14.0,14.618837,29.88,14.49
2022-10-04,61,Hujan Ringan,31.65,23.75,27.162498,80.33079,4.7999997,4.0,10.105681,24.48,19.45
2022-10-05,55,Gerimis Lebat,31.85,24.3,26.635416,80.10694,2.2,6.0,13.854155,27.359999,17.25
2022-10-06,61,Hujan Ringan,30.75,23.9,26.787498,80.652176,3.6,5.0,13.104198,30.960001,18.05
2022-10-07,61,Hujan Ringan,32.65,23.35,27.445833,76.24957,5.6,5.0,12.261158,25.56,22.44
2022-10-08,61,Hujan Ringan,32.7,23.9,26.981255,80.217155,3.1,7.0,16.267857,29.16,20.18
2022-10-09,61,Hujan Ringan,32.65,23.75,27.204165,79.259834,4.6000004,7.0,14.565548,29.519999,22.94
2022-10-10,61,Hujan Ringan,32.7,24.15,27.22917,81.34436,2.3000002,5.0,14.658676,33.839996,20.15
2022-10-11,63,Hujan Sedang,30.45,24.4,26.987501,81.82658,5.8,5.0,17.163355,34.92,17.89
2022-10-12,63,Hujan Sedang,30.6,24.1,26.84375,80.560814,7.6,4.0,11.592895,27.72,14.52
2022-10-13,63,Hujan Sedang,32.6,24.05,27.060417,79.37267,13.0,9.0,11.435313,25.919998,20.76
2022-10-14,61,Hujan Ringan,30.85,23.6,26.97917,80.53324,7.1999993,15.0,9.957108,24.84,20.35
2022-10-15,63,Hujan Sedang,31.1,23.1,26.685415,81.50165,14.500001,14.0,14.84318,28.44,21.79
2022-10-16,51,Gerimis Ringan,32.15,23.95,28.102083,76.326164,0.2,2.0,10.594036,20.16,24.47
2022-10-17,63,Hujan Sedang,30.95,24.5,27.235415,79.95023,4.7999997,5.0,14.081478,28.44,18.85
2022-10-18,63,Hujan Sedang,28.6,24.4,26.085413,85.69333,8.500001,11.0,10.495713,23.039999,12.13
2022-10-19,63,Hujan Sedang,29.25,24.05,26.222916,86.49755,8.799999,13.0,10.931203,23.759998,14.65
2022-10-20,63,Hujan Sedang,30.05,24.3,26.620832,86.672,8.7,13.0,9.826088,23.4,18.52
2022-10-21,65,Hujan Lebat,28.3,23.7,25.808332,89.11361,19.6,12.0,11.792404,24.119999,12.89
2022-10-22,61,Hujan Ringan,31.75,23.55,27.410416,82.564384,2.6999998,6.0,12.313894,22.68,22.49
2022-10-23,63,Hujan Sedang,32.75,24.0,26.937502,84.098366,9.3,8.0,11.457958,23.759998,19.31
2022-10-24,63,Hujan Sedang,31.8,24.65,26.866669,82.38559,10.800001,9.0,15.778516,38.88,18.48
2022-10-25,63,Hujan Sedang,31.2,24.5,26.4375,83.882774,20.600002,10.0,11.269782,23.039999,17.25
2022-10-26,65,Hujan Lebat,29.85,23.85,25.960417,86.22433,22.900002,14.0,10.823973,27.359999,15.92
2022-10-27,53,Gerimis Sedang,31.95,23.85,27.22917,76.30253,1.6000001,6.0,8.913181,19.44,19.22
2022-10-28,3,Mendung,31.8,24.45,27.668749,64.35468,0.0,0.0,16.87398,32.399998,24.6
2022-10-29,51,Gerimis Ringan,31.6,23.5,27.349998,66.992424,0.5,5.0,9.449572,21.599998,21.13
2022-10-30,51,Gerimis Ringan,32.5,23.6,27.687502,65.14514,0.2,2.0,20.46941,34.56,24.59
2022-10-31,51,Gerimis Ringan,32.1,23.45,27.664587,66.871765,0.1,1.0,12.324414,24.119999,24.57
2022-11-01,63,Hujan Sedang,30.9,23.8,26.702085,81.266396,6.7,9.0,11.592894,24.84,20.43
2022-11-02,51,Gerimis Ringan,31.9,23.7,27.597918,78.386505,0.90000004,5.0,10.144082,25.199999,21.91
2022-11-03,63,Hujan Sedang,32.25,24.5,27.791666,79.93754,7.9000006,7.0,18.359999,30.599998,24.07
2022-11-04,53,Gerimis Sedang,31.75,24.2,27.395834,82.0102,2.8000002,7.0,13.363711,29.16,21.47
2022-11-05,53,Gerimis Sedang,31.75,24.3,27.560417,82.37091,2.1,7.0,11.988594,28.08,22.04
2022-11-06,63,Hujan Sedang,30.95,23.8,26.643747,83.99093,13.4,12.0,13.661038,29.519999,20.65
2022-11-07,55,Gerimis Lebat,28.7,23.5,25.960417,87.72262,3.5,11.0,11.367109,24.119999,11.45
2022-11-08,51,Gerimis Ringan,31.35,24.0,27.104166,81.228584,0.4,4.0,19.09358,29.88,20.72
2022-11-09,63,Hujan Sedang,29.1,23.9,26.308334,86.78595,7.5000005,12.0,9.885262,23.4,15.05
2022-11-10,63,Hujan Sedang,31.4,23.55,26.652084,83.87336,7.599999,11.0,10.383987,21.599998,19.89
2022-11-11,63,Hujan Sedang,31.4,24.15,26.75208,85.17625,12.2,14.0,9.504273,23.4,19.5
2022-11-12,63,Hujan Sedang,28.9,24.25,26.531248,86.42841,9.300001,20.0,9.360001,23.4,16.9
2022-11-13,63,Hujan Sedang,29.05,24.3,26.624998,86.553825,5.7,12.0,12.641076,28.8,15.42
2022-11-14,65,Hujan Lebat,30.25,25.0,26.797915,86.74112,12.100001,12.0,12.181624,27.0,14.98
2022-11-15,63,Hujan Sedang,29.5,23.8,26.304167,86.84933,12.1,12.0,14.182355,28.08,15.14
2022-11-16,63,Hujan Sedang,28.8,24.15,26.262499,89.92786,13.600001,12.0,16.29174,32.039997,10.85
2022-11-17,63,Hujan Sedang,32.2,23.95,27.168749,84.35271,11.5,5.0,15.379206,30.960001,20.31
2022-11-18,63,Hujan Sedang,31.65,24.7,27.304169,80.56577,9.299999,8.0,15.328561,27.72,17.38
2022-11-19,61,Hujan Ringan,27.75,23.9,25.38125,90.1629,15.8,16.0,14.205182,24.119999,6.11
2022-11-20,63,Hujan Sedang,30.05,23.8,26.566666,86.15571,3.5,6.0,13.783817,32.760002,19.63
2022-11-21,51,Gerimis Ringan,32.75,23.7,27.256248,79.95041,0.90000004,5.0,17.068707,34.2,24.21
2022-11-22,63,Hujan Sedang,32.4,24.3,27.65417,77.19831,4.1,2.0,13.70839,23.039999,19.77
2022-11-23,63,Hujan Sedang,30.05,24.8,26.595835,83.72746,12.200001,11.0,13.441071,25.199999,14.89
2022-11-24,65,Hujan Lebat,31.0,24.35,26.260414,85.944176,33.4,12.0,10.446206,26.28,14.98
2022-11-25,63,Hujan Sedang,30.35,24.25,26.466665,86.02948,9.5,14.0,11.923557,22.68,19.35
2022-11-26,63,Hujan Sedang,28.45,23.4,25.414587,87.92047,8.5,11.0,11.013882,23.039999,13.49
2022-11-27,55,Gerimis Lebat,29.2,23.4,25.837502,87.81765,4.4,13.0,14.003028,28.44,14.46
2022-11-28,65,Hujan Lebat,30.3,24.05,26.185415,87.156395,23.7,15.0,7.9932976,20.519999,14.96
2022-11-29,63,Hujan Sedang,29.8,24.1,26.389582,86.20356,14.6,9.0,10.086427,21.599998,15.13
2022-11-30,61,Hujan Ringan,31.25,24.55,26.577082,83.03426,4.5000005,6.0,16.039202,31.68,19.39
2022-12-01,65,Hujan Lebat,31.55,23.95,26.687498,82.5057,13.400001,5.0,12.074766,24.48,20.2
2022-12-02,53,Gerimis Sedang,29.85,23.6,26.297918,84.1634,1.5000001,7.0,12.738099,26.64,18.15
2022-12-03,53,Gerimis Sedang,31.4,23.9,27.079165,82.05732,2.4,7.0,15.072783,27.359999,22.22
2022-12-04,63,Hujan Sedang,30.3,23.5,26.666666,83.83693,7.1,12.0,9.904906,22.68,21.3
2022-12-05,63,Hujan Sedang,29.15,23.4,26.079165,87.683685,9.800001,11.0,10.966713,27.359999,16.05
2022-12-06,53,Gerimis Sedang,31.0,24.35,26.935417,85.27253,3.5,10.0,10.464798,24.48,20.38
2022-12-07,63,Hujan Sedang,30.2,24.1,26.704165,83.58083,6.1000004,8.0,13.849476,31.319998,19.1
2022-12-08,53,Gerimis Sedang,31.8,23.4,27.735418,78.02775,1.2,4.0,9.0,21.599998,24.57
2022-12-09,55,Gerimis Lebat,32.15,23.35,27.633337,77.74436,2.5,7.0,11.542478,23.039999,24.73
2022-12-10,51,Gerimis Ringan,32.4,23.65,27.902082,76.94565,0.3,3.0,8.373386,18.72,24.52
2022-12-11,51,Gerimis Ringan,32.75,24.45,28.179163,74.71821,0.3,2.0,14.264361,23.4,25.61
2022-12-12,53,Gerimis Sedang,32.55,24.05,28.100004,77.93097,1.0,3.0,10.883676,23.4,23.95
2022-12-13,63,Hujan Sedang,32.45,24.2,27.810417,79.58082,6.799999,11.0,10.799999,24.119999,22.19
2022-12-14,63,Hujan Sedang,30.35,24.45,26.589584,84.16943,7.8999996,7.0,13.755579,31.319998,17.7
2022-12-15,63,Hujan Sedang,31.5,24.0,26.554167,84.9655,10.2,7.0,15.281989,35.64,19.2
2022-12-16,63,Hujan Sedang,29.25,24.55,26.010416,86.8558,24.199997,18.0,16.215992,30.599998,11.31
2022-12-17,63,Hujan Sedang,31.25,24.35,26.708336,83.234146,10.3,8.0,18.861387,35.28,18.62
2022-12-18,53,Gerimis Sedang,31.6,23.55,27.175003,81.92572,1.5000001,7.0,11.659777,26.64,23.48
2022-12-19,55,Gerimis Lebat,31.7,23.75,26.677088,84.468666,4.7000003,12.0,14.417988,29.16,22.76
2022-12-20,65,Hujan Lebat,33.15,23.95,27.137497,82.84251,11.8,4.0,14.04,29.16,23.56
2022-12-21,65,Hujan Lebat,32.35,24.1,27.041664,82.9894,22.000002,5.0,12.261157,27.359999,20.85
2022-12-22,63,Hujan Sedang,30.1,24.65,26.468748,84.36344,6.1999993,11.0,23.469128,42.48,14.69
2022-12-23,55,Gerimis Lebat,31.1,24.4,26.322916,83.536736,5.8999996,11.0,24.122683,44.639996,14.53
2022-12-24,61,Hujan Ringan,30.75,24.2,26.224998,84.1002,4.7999997,13.0,23.762726,42.839996,14.1
2022-12-25,63,Hujan Sedang,27.95,23.95,25.354164,90.3876,16.9,15.0,19.09358,44.639996,8.82
2022-12-26,63,Hujan Sedang,28.7,23.85,25.268751,88.6847,14.799999,15.0,17.654686,37.44,10.48
2022-12-27,63,Hujan Sedang,28.3,23.4,25.047915,88.96203,12.8,18.0,20.780453,40.32,11.55
2022-12-28,65,Hujan Lebat,31.05,24.05,26.24375,85.062225,35.100002,14.0,18.844202,40.68,18.19
2022-12-29,63,Hujan Sedang,27.45,24.25,25.581247,89.406975,15.6,17.0,20.730501,40.32,10.46
2022-12-30,61,Hujan Ringan,26.85,23.9,24.9625,91.40092,13.0,17.0,19.469975,47.16,6.74
2022-12-31,65,Hujan Lebat,27.15,23.0,24.906252,90.11951,20.5,18.0,27.859905,52.199997,9.92
2023-01-01,63,Hujan Sedang,28.35,23.6,25.51042,87.84141,14.6,15.0,23.47741,48.6,12.84
2023-01-02,53,Gerimis Sedang,29.45,23.6,26.300003,84.02347,2.0000002,9.0,28.241076,50.76,19.48
2023-01-03,53,Gerimis Sedang,30.1,24.0,26.577085,81.54388,1.6999999,5.0,19.917469,39.6,20.46
2023-01-04,61,Hujan Ringan,31.15,24.65,26.64583,81.10966,3.3,5.0,25.683926,44.28,20.3
2023-01-05,65,Hujan Lebat,30.9,23.9,26.587502,82.921196,15.4,5.0,22.346113,41.760002,20.15
2023-01-06,65,Hujan Lebat,30.9,24.35,26.462496,85.66462,37.199997,9.0,14.24163,36.0,17.93
2023-01-07,61,Hujan Ringan,32.1,24.25,27.152084,80.09622,3.7999997,8.0,17.76081,32.399998,23.32
2023-01-08,63,Hujan Sedang,31.25,24.05,26.718752,84.27856,7.9999995,5.0,11.212135,32.399998,20.94
2023-01-09,63,Hujan Sedang,31.35,22.85,26.004168,86.46415,8.700001,7.0,16.87398,31.319998,22.47
2023-01-10,61,Hujan Ringan,29.9,23.35,25.968752,87.491974,3.0,6.0,15.124284,29.519999,19.77
2023-01-11,51,Gerimis Ringan,31.2,24.25,27.34583,81.568565,1.4000001,9.0,11.5199995,21.96,23.12
2023-01-12,53,Gerimis Sedang,31.2,22.95,27.050001,81.74311,1.3,3.0,8.39657,22.68,22.86
2023-01-13,55,Gerimis Lebat,31.95,22.95,27.277086,77.658745,2.5,5.0,7.386582,17.28,25.01
2023-01-14,53,Gerimis Sedang,31.65,24.15,27.512503,79.23992,1.4000001,7.0,17.429354,33.839996,24.37
2023-01-15,63,Hujan Sedang,30.4,24.4,26.795832,82.88673,13.800001,13.0,16.279802,33.839996,20.34
2023-01-16,63,Hujan Sedang,30.25,24.05,26.281248,86.69989,11.699999,16.0,18.668005,37.079998,18.63
2023-01-17,63,Hujan Sedang,30.05,24.5,26.191671,88.370125,6.6,7.0,16.299694,37.079998,16.13
2023-01-18,63,Hujan Sedang,30.6,24.1,26.060417,86.76635,7.399999,9.0,12.620554,25.919998,16.76
2023-01-19,63,Hujan Sedang,29.95,23.75,26.064583,86.63324,6.699999,11.0,12.959999,24.84,16.31
2023-01-20,61,Hujan Ringan,30.25,23.25,26.189583,85.844444,2.4999998,9.0,14.386494,28.44,18.44
2023-01-21,65,Hujan Lebat,31.4,23.5,26.297915,84.33318,27.800001,12.0,9.693296,23.759998,23.0
2023-01-22,63,Hujan Sedang,30.25,23.65,26.354166,86.87426,5.1,10.0,14.904173,29.519999,21.14
2023-01-23,51,Gerimis Ringan,30.6,24.15,27.018751,84.20197,1.4000001,11.0,11.792404,24.48,21.74
2023-01-24,63,Hujan Sedang,31.15,24.45,26.833334,84.934166,7.2,14.0,15.542662,25.199999,21.15
2023-01-25,63,Hujan Sedang,29.3,23.25,25.547918,87.80114,24.200003,15.0,15.034041,27.0,16.11
2023-01-26,65,Hujan Lebat,29.8,23.9,25.839582,88.85095,33.899998,15.0,14.773164,29.16,13.99
2023-01-27,65,Hujan Lebat,29.0,23.9,25.804169,89.502235,23.4,19.0,17.174677,31.68,13.45
2023-01-28,63,Hujan Sedang,28.55,24.25,25.506248,90.92838,18.000002,16.0,18.057508,33.12,10.92
2023-01-29,63,Hujan Sedang,29.8,23.85,25.766665,89.59841,9.799999,13.0,16.75064,34.92,15.63
2023-01-30,55,Gerimis Lebat,30.4,23.85,26.433334,87.508606,2.1,7.0,21.889065,42.839996,17.81
2023-01-31,65,Hujan Lebat,31.05,24.4,26.747917,85.958405,18.0,6.0,15.978484,36.0,17.67
2023-02-01,65,Hujan Lebat,30.3,24.25,26.020834,87.67777,14.1,8.0,17.713316,36.719997,13.59
2023-02-02,63,Hujan Sedang,28.45,24.65,25.783335,89.11973,19.200003,10.0,14.904173,25.56,7.83
2023-02-03,61,Hujan Ringan,28.85,23.9,25.895834,86.4636,7.2000003,12.0,19.493261,36.36,9.11
2023-02-04,63,Hujan Sedang,30.3,24.5,26.295832,85.95287,7.2,9.0,16.279802,41.760002,16.95
2023-02-05,63,Hujan Sedang,29.65,23.85,26.183336,86.82675,7.499999,14.0,16.954432,36.36,15.65
2023-02-06,63,Hujan Sedang,29.35,24.3,26.364584,83.81377,12.5,7.0,16.24394,39.6,17.29
2023-02-07,63,Hujan Sedang,29.75,23.85,26.064583,86.9057,13.599999,13.0,18.775303,35.28,14.5
2023-02-08,63,Hujan Sedang,28.3,23.5,25.80208,89.24527,14.200003,22.0,15.281989,34.2,11.41
2023-02-09,65,Hujan Lebat,29.2,23.7,25.677084,88.802155,22.2,17.0,14.693999,32.760002,16.2
2023-02-10,61,Hujan Ringan,29.9,23.75,26.19375,87.7052,7.0,7.0,17.610588,34.2,19.11
2023-02-11,63,Hujan Sedang,28.6,23.95,25.691668,90.920494,16.4,14.0,25.284714,47.519997,14.37
2023-02-12,63,Hujan Sedang,28.05,24.2,25.666666,91.33323,10.1,8.0,16.343367,32.760002,11.19
2023-02-13,65,Hujan Lebat,30.45,24.05,25.872917,87.80747,17.6,11.0,21.142147,41.039997,18.48
2023-02-14,63,Hujan Sedang,30.5,23.45,26.062498,86.235115,7.4999995,7.0,22.862123,41.760002,21.24
2023-02-15,65,Hujan Lebat,29.15,23.8,25.637497,88.66549,17.300001,15.0,16.563911,40.32,16.0
2023-02-16,63,Hujan Sedang,28.8,23.7,25.325003,90.31845,23.999998,21.0,21.194187,38.88,13.18
2023-02-17,63,Hujan Sedang,29.7,23.55,25.94792,88.26764,13.499999,15.0,17.884428,37.079998,19.05
2023-02-18,65,Hujan Lebat,29.85,23.95,25.927084,88.02838,21.099998,15.0,16.56,32.039997,16.51
2023-02-19,65,Hujan Lebat,31.1,23.7,26.672918,83.80849,11.099999,8.0,17.595861,32.760002,23.44
2023-02-20,63,Hujan Sedang,30.6,23.85,26.031252,86.58491,9.1,12.0,17.566378,34.2,19.95
2023-02-21,63,Hujan Sedang,30.2,24.15,26.12292,87.70028,13.7,13.0,15.986593,34.56,18.96
2023-02-22,65,Hujan Lebat,30.05,23.9,26.062494,87.76617,35.7,15.0,19.602652,43.92,18.72
2023-02-23,63,Hujan Sedang,29.05,24.05,26.047918,88.27651,9.400001,14.0,21.129883,47.519997,15.64
2023-02-24,63,Hujan Sedang,29.35,24.4,26.42292,86.174164,9.700001,7.0,23.933908,45.719997,15.57
2023-02-25,63,Hujan Sedang,29.9,24.35,26.650002,84.61697,7.9999995,8.0,19.110542,43.56,16.97
2023-02-26,63,Hujan Sedang,28.5,24.25,25.816668,86.0178,11.800001,11.0,24.344624,49.68,15.09
2023-02-27,63,Hujan Sedang,28.2,24.0,25.504168,90.32019,10.100001,15.0,19.966211,45.0,11.85
2023-02-28,63,Hujan Sedang,29.6,24.0,25.837503,87.23154,19.799997,12.0,21.38897,42.12,14.29
2023-03-01,63,Hujan Sedang,30.4,23.6,25.52292,88.147575,21.0,13.0,15.84409,32.039997,16.74
2023-03-02,65,Hujan Lebat,26.25,23.3,24.643747,91.531044,66.8,23.0,19.33639,36.36,9.48
2023-03-03,55,Gerimis Lebat,30.55,23.8,26.127085,85.30606,3.6999998,7.0,19.05281,37.079998,22.86
2023-03-04,63,Hujan Sedang,31.45,23.25,26.441668,84.896034,16.099998,6.0,13.679999,26.64,22.82
2023-03-05,63,Hujan Sedang,30.75,23.15,25.877085,87.726616,12.599999,13.0,16.992609,36.0,18.54
2023-03-06,55,Gerimis Lebat,30.85,23.95,26.668753,85.437164,2.5000002,7.0,12.538134,24.84,20.58
2023-03-07,53,Gerimis Sedang,32.1,23.35,26.63542,81.25788,1.9000002,7.0,16.923828,30.960001,24.89
2023-03-08,63,Hujan Sedang,30.65,23.55,25.804167,88.00657,7.1,12.0,12.88981,30.239998,20.63
2023-03-09,53,Gerimis Sedang,30.05,23.3,26.520834,86.23669,1.8000001,6.0,12.594856,28.44,23.25
2023-03-10,51,Gerimis Ringan,30.95,23.3,26.94375,83.78812,0.8,5.0,8.404285,19.8,22.47
2023-03-11,53,Gerimis Sedang,31.45,24.0,27.381254,83.146645,1.2,2.0,17.339897,28.08,23.62
2023-03-12,55,Gerimis Lebat,31.35,23.3,27.139585,82.89397,3.6,11.0,10.691453,22.68,23.21
2023-03-13,63,Hujan Sedang,30.85,24.25,26.464584,83.863106,8.9,13.0,14.345898,33.12,22.98
2023-03-14,63,Hujan Sedang,29.5,22.95,25.412504,86.56983,6.0999994,13.0,14.773164,27.359999,18.51
2023-03-15,51,Gerimis Ringan,30.2,23.1,26.639582,84.05603,1.2,7.0,11.440979,24.48,22.48
2023-03-16,53,Gerimis Sedang,30.45,24.8,27.683334,82.43585,2.1999998,9.0,10.948973,26.28,20.75
2023-03-17,61,Hujan Ringan,30.4,24.8,27.072914,86.00968,6.1,9.0,10.086427,24.84,21.2
2023-03-18,53,Gerimis Sedang,31.65,24.1,27.122915,84.59879,0.70000005,2.0,17.114204,34.56,23.04
2023-03-19,53,Gerimis Sedang,30.8,24.65,27.393751,84.2255,2.5,10.0,12.413476,28.44,21.28
2023-03-20,63,Hujan Sedang,31.85,24.0,26.945831,84.00591,14.599999,10.0,9.178235,24.48,20.92
2023-03-21,63,Hujan Sedang,31.05,23.15,27.235413,81.66875,3.1999998,3.0,12.218805,25.919998,24.46
2023-03-22,63,Hujan Sedang,31.3,23.6,27.129168,83.72418,11.000001,12.0,10.105681,21.599998,21.86
2023-03-23,63,Hujan Sedang,31.2,23.8,27.168753,85.00231,17.4,12.0,12.538134,25.56,22.58
2023-03-24,65,Hujan Lebat,31.2,24.8,26.939583,87.092804,23.199999,15.0,9.693296,23.039999,18.8
2023-03-25,63,Hujan Sedang,29.65,23.75,26.327085,88.460846,13.8,10.0,9.605998,21.599998,17.95
2023-03-26,63,Hujan Sedang,29.35,23.55,26.247917,87.90366,6.2999997,8.0,12.641076,29.519999,19.76
2023-03-27,63,Hujan Sedang,30.1,24.4,26.254168,88.275696,8.7,15.0,16.215992,30.239998,13.36
2023-03-28,65,Hujan Lebat,28.85,24.6,26.308336,88.61013,17.0,12.0,13.527572,29.16,13.68
2023-03-29,53,Gerimis Sedang,30.7,23.75,26.8125,85.88874,1.4000001,6.0,13.627795,23.4,17.79
2023-03-30,65,Hujan Lebat,30.75,24.65,26.464582,87.69117,23.9,15.0,13.679999,30.960001,16.67
2023-03-31,65,Hujan Lebat,29.9,23.85,25.893753,88.112724,17.3,17.0,12.371645,24.84,15.18
2023-04-01,65,Hujan Lebat,30.0,23.85,25.558334,89.96528,21.699999,9.0,10.514218,24.119999,14.71
2023-04-02,65,Hujan Lebat,30.1,22.9,25.672918,88.71186,14.3,6.0,10.30883,20.880001,16.1
2023-04-03,63,Hujan Sedang,30.05,24.0,26.112501,89.36111,10.1,14.0,8.287822,17.28,16.51
2023-04-04,53,Gerimis Sedang,30.15,23.4,26.368746,85.51272,1.3,2.0,10.495713,21.599998,16.6
2023-04-05,61,Hujan Ringan,29.95,23.95,26.712502,85.32654,3.3,5.0,10.137692,21.24,17.83
2023-04-06,63,Hujan Sedang,30.6,23.5,26.108335,87.887596,9.7,11.0,10.799999,40.32,17.93
2023-04-07,61,Hujan Ringan,30.05,23.9,26.35833,85.67242,3.3,5.0,13.004922,24.48,16.26
2023-04-08,61,Hujan Ringan,31.7,23.45,26.735413,82.20623,9.0,9.0,12.9249525,28.08,19.41
2023-04-09,61,Hujan Ringan,31.1,23.85,26.856249,83.01615,3.9,8.0,14.578888,27.0,20.96
2023-04-10,61,Hujan Ringan,31.15,24.5,26.710413,83.717064,3.5,5.0,15.5843,32.399998,19.93
2023-04-11,51,Gerimis Ringan,31.25,23.9,27.254166,83.359795,0.8000001,6.0,13.493999,28.44,21.15
2023-04-12,63,Hujan Sedang,31.3,24.85,27.060415,83.99756,13.300001,9.0,11.753877,24.48,18.49
2023-04-13,65,Hujan Lebat,30.15,24.75,26.516665,86.64399,31.9,17.0,12.413477,21.599998,14.53
2023-04-14,61,Hujan Ringan,31.2,24.6,27.13542,80.55602,4.2999997,5.0,9.3669195,23.039999,17.32
2023-04-15,63,Hujan Sedang,31.35,24.1,27.347918,82.14329,7.7999997,10.0,12.287555,23.039999,18.89
2023-04-16,63,Hujan Sedang,31.4,24.75,27.31875,82.24708,8.5,11.0,12.57426,21.24,20.94
2023-04-17,61,Hujan Ringan,28.75,24.25,26.722916,87.378044,7.2,13.0,10.137692,20.880001,14.48
2023-04-18,53,Gerimis Sedang,30.05,25.2,27.372915,86.975655,3.7,12.0,9.673221,25.199999,17.98
2023-04-19,51,Gerimis Ringan,31.55,24.45,28.016665,82.221436,0.4,3.0,11.019764,21.96,22.79
2023-04-20,53,Gerimis Sedang,31.75,24.85,27.612501,83.549126,1.6000001,4.0,10.144082,22.319998,19.9
2023-04-21,55,Gerimis Lebat,29.75,24.0,27.087502,86.11178,1.7,3.0,14.48972,29.16,17.51
2023-04-22,53,Gerimis Sedang,30.85,25.55,27.650002,83.48677,1.2,5.0,12.661564,27.0,19.22
2023-04-23,61,Hujan Ringan,31.7,25.1,28.362501,79.3509,2.0,6.0,16.23596,31.319998,21.91
2023-04-24,55,Gerimis Lebat,31.6,25.8,28.429167,79.24583,2.0,8.0,16.73516,30.960001,21.45
2023-04-25,53,Gerimis Sedang,32.1,23.85,28.070837,79.306175,0.8,2.0,14.799459,27.72,22.09
2023-04-26,61,Hujan Ringan,30.5,24.85,27.758333,82.2509,3.2,3.0,13.004921,29.88,19.59
2023-04-27,61,Hujan Ringan,31.75,24.95,28.183332,81.5792,3.6999998,7.0,12.72283,25.199999,19.8
2023-04-28,63,Hujan Sedang,29.85,25.25,27.010414,87.56892,12.2,12.0,14.277983,27.359999,13.83
2023-04-29,63,Hujan Sedang,28.65,24.75,26.324999,87.89966,17.300001,22.0,12.768586,26.28,11.5
2023-04-30,63,Hujan Sedang,31.15,25.05,27.491669,85.390816,5.1000004,5.0,12.682018,25.56,17.5
2023-05-01,61,Hujan Ringan,30.8,25.1,27.356245,84.46571,2.8999999,11.0,13.1041975,27.359999,19.09
2023-05-02,63,Hujan Sedang,29.35,23.75,26.89167,86.47721,9.599999,6.0,13.556282,27.0,13.91
2023-05-03,63,Hujan Sedang,30.1,26.0,27.668755,84.808235,6.3,11.0,15.517629,28.08,15.35
2023-05-04,61,Hujan Ringan,31.05,25.9,27.847918,83.95005,4.6,9.0,15.546833,30.239998,19.4
2023-05-05,3,Mendung,31.65,23.7,27.831253,81.713165,0.0,0.0,12.641076,25.199999,20.72
2023-05-06,61,Hujan Ringan,30.55,24.15,27.647917,84.41772,4.299999,10.0,9.659814,22.68,18.65
2023-05-07,53,Gerimis Sedang,32.15,24.65,27.756247,83.043,1.3000001,5.0,15.941944,34.2,20.3
2023-05-08,3,Mendung,33.1,24.05,28.329165,75.49115,0.0,0.0,8.707237,19.08,20.82
2023-05-09,65,Hujan Lebat,33.05,24.45,27.664581,81.64355,10.6,3.0,13.049689,25.919998,17.71
2023-05-10,53,Gerimis Sedang,30.2,25.85,27.320839,85.5466,3.0,11.0,24.648829,45.0,11.94
2023-05-11,63,Hujan Sedang,28.5,25.0,26.664583,88.21293,32.0,18.0,15.459054,33.12,9.91
2023-05-12,55,Gerimis Lebat,31.45,24.35,28.106249,82.66092,1.6000001,6.0,18.72,36.0,19.38
2023-05-13,51,Gerimis Ringan,31.0,24.75,27.549997,83.65096,1.6,9.0,14.021525,27.359999,18.95
2023-05-14,3,Mendung,31.95,22.6,27.045832,73.8221,0.0,0.0,11.252519,22.68,21.79
2023-05-15,51,Gerimis Ringan,31.45,22.65,26.908333,75.26289,0.2,1.0,10.00256,19.44,21.57
2023-05-16,51,Gerimis Ringan,31.05,22.35,27.089582,73.83558,0.6,4.0,8.39657,15.4800005,20.81
2023-05-17,2,Berawan,31.0,22.75,27.245832,71.637405,0.0,0.0,10.163227,17.64,21.01
2023-05-18,51,Gerimis Ringan,31.4,23.25,27.529167,73.272804,0.6,3.0,7.754637,18.359999,21.03
2023-05-19,3,Mendung,31.85,23.55,27.889582,72.25958,0.0,0.0,11.165805,20.519999,20.33
2023-05-20,3,Mendung,32.05,24.0,28.293749,71.29858,0.0,0.0,14.917212,25.199999,21.2
2023-05-21,51,Gerimis Ringan,31.5,24.0,28.072916,71.76094,0.3,3.0,13.039754,24.48,21.45
2023-05-22,51,Gerimis Ringan,32.0,23.35,27.9625,70.41969,0.1,1.0,16.75064,29.519999,21.18
2023-05-23,51,Gerimis Ringan,31.65,23.5,27.941666,70.559,0.3,3.0,11.542478,24.48,20.5
2023-05-24,51,Gerimis Ringan,31.65,24.15,28.143751,71.45418,0.5,2.0,12.413476,25.919998,20.14
2023-05-25,51,Gerimis Ringan,32.35,23.9,28.243753,70.96804,0.4,3.0,14.05845,27.359999,20.1
2023-05-26,3,Mendung,32.5,24.0,28.214582,68.7741,0.0,0.0,15.188415,31.319998,21.28
2023-05-27,3,Mendung,32.95,24.05,28.414581,70.84858,0.0,0.0,12.641076,24.119999,19.75
2023-05-28,3,Mendung,32.1,23.5,28.05625,66.984116,0.0,0.0,15.042659,28.8,20.47
2023-05-29,3,Mendung,32.1,24.55,28.61875,65.057144,0.0,0.0,15.03835,27.359999,19.09
2023-05-30,51,Gerimis Ringan,32.0,25.05,28.658335,64.78011,0.1,1.0,15.905319,32.760002,20.8
2023-05-31,51,Gerimis Ringan,32.65,23.5,28.36458,68.645676,0.1,1.0,14.917212,30.599998,20.42
2023-06-01,3,Mendung,33.1,24.15,28.764585,69.28718,0.0,0.0,16.24394,32.760002,20.88
2023-06-02,3,Mendung,33.45,24.3,28.991669,69.43723,0.0,0.0,20.316889,34.92,20.73
2023-06-03,51,Gerimis Ringan,33.15,24.5,29.066668,68.76745,0.3,2.0,12.959999,26.28,20.75
2023-06-04,53,Gerimis Sedang,32.7,25.1,28.614586,71.41278,1.0,6.0,12.738099,25.199999,18.65
2023-06-05,63,Hujan Sedang,32.75,24.65,27.710413,77.687614,11.500001,6.0,14.934577,28.44,16.94
2023-06-06,51,Gerimis Ringan,32.65,24.55,28.518747,71.84687,0.7,3.0,18.64369,33.48,19.53
2023-06-07,55,Gerimis Lebat,32.15,23.95,27.920832,75.90238,2.8,6.0,18.448023,36.0,19.48
2023-06-08,3,Mendung,32.3,24.15,28.206253,74.04966,0.0,0.0,14.84318,30.599998,19.8
2023-06-09,1,Cerah Berawan,32.5,24.3,28.408335,70.81918,0.0,0.0,13.797912,26.64,20.49
2023-06-10,51,Gerimis Ringan,33.0,23.2,28.28125,70.2983,0.5,3.0,14.84318,29.88,21.16
2023-06-11,3,Mendung,33.45,24.1,28.708336,69.841805,0.0,0.0,21.566975,38.88,19.52
2023-06-12,51,Gerimis Ringan,33.0,24.6,28.862503,70.675705,0.1,1.0,18.94024,38.519997,19.59
2023-06-13,51,Gerimis Ringan,32.9,25.2,29.0,70.14088,0.2,2.0,19.134262,37.44,19.95
2023-06-14,51,Gerimis Ringan,32.8,25.1,28.71875,67.262764,0.3,2.0,16.575644,30.239998,20.73
2023-06-15,3,Mendung,32.4,23.9,28.118744,68.5838,0.0,0.0,14.512064,28.44,18.46
2023-06-16,51,Gerimis Ringan,32.45,24.5,28.304163,71.163284,0.1,1.0,13.746156,27.359999,19.39
2023-06-17,51,Gerimis Ringan,32.8,24.45,28.447914,73.097435,0.6,3.0,17.283749,35.28,20.02
2023-06-18,3,Mendung,32.25,24.3,28.266665,70.02703,0.0,0.0,16.548256,33.48,20.51
2023-06-19,63,Hujan Sedang,33.0,25.15,28.864584,68.29183,2.8,2.0,13.450708,29.16,20.16
2023-06-20,53,Gerimis Sedang,33.0,23.75,28.14583,73.85183,1.2,3.0,13.608762,36.0,18.5
2023-06-21,3,Mendung,33.7,24.7,29.131248,68.96073,0.0,0.0,14.693999,28.44,19.77
2023-06-22,51,Gerimis Ringan,33.55,24.05,28.610418,68.4513,0.3,3.0,19.296133,36.719997,20.56
2023-06-23,51,Gerimis Ringan,33.15,24.7,28.60833,69.658485,0.4,3.0,13.1041975,28.44,19.94
2023-06-24,3,Mendung,33.05,23.85,28.483335,69.30157,0.0,0.0,15.696165,27.359999,20.64
2023-06-25,53,Gerimis Sedang,32.3,24.35,27.954165,73.01183,1.8000001,8.0,10.44,24.48,18.94
2023-06-26,55,Gerimis Lebat,32.5,23.85,27.945833,72.45252,1.2,3.0,9.178235,20.519999,18.71
2023-06-27,51,Gerimis Ringan,32.75,24.85,28.043749,68.365875,0.3,2.0,12.074766,27.72,18.65
2023-06-28,53,Gerimis Sedang,33.6,23.0,27.887499,72.22355,1.3000001,3.0,13.202726,24.48,19.63
2023-06-29,51,Gerimis Ringan,33.2,23.3,28.035414,74.64907,0.4,2.0,9.531505,19.08,17.13
2023-06-30,3,Mendung,34.2,23.75,28.679169,69.30432,0.0,0.0,11.841756,22.319998,19.24
2023-07-01,55,Gerimis Lebat,33.45,23.8,27.84375,74.45459,2.2,5.0,11.659777,22.319998,17.01
2023-07-02,65,Hujan Lebat,33.0,23.95,26.64166,82.211174,18.2,7.0,15.596767,29.16,16.08
2023-07-03,53,Gerimis Sedang,32.25,23.15,27.185417,80.18885,2.8,7.0,11.212135,23.039999,17.95
2023-07-04,63,Hujan Sedang,31.8,23.9,27.068748,79.38421,8.3,11.0,10.182337,18.72,17.64
2023-07-05,53,Gerimis Sedang,32.85,23.35,27.310417,80.21489,1.6,6.0,12.229406,24.119999,17.97
2023-07-06,51,Gerimis Ringan,33.6,23.35,27.677086,77.12849,0.4,4.0,13.830749,26.64,18.9
2023-07-07,63,Hujan Sedang,31.55,23.85,26.572916,82.04661,5.4999995,5.0,9.255571,27.359999,14.75
2023-07-08,53,Gerimis Sedang,29.1,23.1,26.033335,85.5563,2.1000001,9.0,14.869351,32.760002,13.53
2023-07-09,51,Gerimis Ringan,32.75,23.05,27.710417,74.48301,0.4,4.0,17.673029,34.2,19.35
2023-07-10,3,Mendung,33.55,22.8,28.133333,71.78681,0.0,0.0,12.43434,24.48,19.94
2023-07-11,51,Gerimis Ringan,33.3,23.55,27.658333,72.05842,0.2,2.0,14.408997,29.519999,19.3
2023-07-12,3,Mendung,32.4,22.25,27.370834,68.876945,0.0,0.0,12.313894,22.68,18.77
2023-07-13,51,Gerimis Ringan,33.95,24.0,28.30208,65.52546,0.1,1.0,14.77755,28.8,19.2
2023-07-14,51,Gerimis Ringan,32.9,24.15,27.922918,70.055595,0.90000004,5.0,10.661107,22.68,18.42
2023-07-15,51,Gerimis Ringan,33.7,22.7,27.789583,69.00616,0.2,2.0,7.7043357,18.72,19.98
2023-07-16,51,Gerimis Ringan,32.5,22.85,27.52083,68.54221,0.1,1.0,7.9526596,16.56,19.03
2023-07-17,3,Mendung,33.3,21.35,27.116669,65.92947,0.0,0.0,16.575644,33.12,21.89
2023-07-18,2,Berawan,33.6,22.1,27.618753,62.46469,0.0,0.0,21.542923,41.039997,21.93
2023-07-19,0,Cerah,33.6,22.2,27.183334,64.843666,0.0,0.0,12.261158,27.359999,21.77
2023-07-20,0,Cerah,33.35,21.2,26.852081,61.092213,0.0,0.0,13.779114,26.64,21.65
2023-07-21,3,Mendung,33.25,21.7,27.110418,65.557076,0.0,0.0,13.217443,23.039999,19.33
2023-07-22,3,Mendung,32.8,21.75,27.085411,64.53388,0.0,0.0,18.837322,36.36,21.72
2023-07-23,51,Gerimis Ringan,32.5,23.1,27.78125,67.68264,0.5,4.0,13.202726,24.119999,17.7
2023-07-24,51,Gerimis Ringan,32.9,22.65,27.64583,69.364174,0.3,2.0,11.384199,24.84,18.37
2023-07-25,51,Gerimis Ringan,33.1,23.5,27.841665,73.28903,0.4,2.0,15.629971,30.960001,19.74
2023-07-26,51,Gerimis Ringan,33.2,22.5,27.610415,66.88337,0.1,1.0,15.856356,26.64,19.63
2023-07-27,3,Mendung,32.8,21.45,26.772913,64.06522,0.0,0.0,12.682018,27.0,20.9
2023-07-28,3,Mendung,32.55,21.95,26.9125,63.778027,0.0,0.0,14.417988,29.88,21.77
2023-07-29,3,Mendung,32.6,21.55,27.106249,61.878864,0.0,0.0,17.015474,34.92,22.02
2023-07-30,3,Mendung,32.9,20.8,26.914583,63.295227,0.0,0.0,19.110542,38.88,22.28
2023-07-31,3,Mendung,32.9,21.45,27.043747,64.86277,0.0,0.0,19.809813,37.079998,22.14
2023-08-01,3,Mendung,33.6,22.05,27.814585,68.834595,0.0,0.0,17.651016,34.92,20.74
2023-08-02,51,Gerimis Ringan,34.35,22.85,28.331247,70.44312,0.4,2.0,15.281989,33.12,20.81
2023-08-03,51,Gerimis Ringan,33.85,24.1,28.33333,65.97903,0.1,1.0,20.61766,38.519997,20.96
2023-08-04,3,Mendung,33.7,23.55,28.0875,66.73025,0.0,0.0,19.559633,36.719997,19.9
2023-08-05,0,Cerah,33.8,22.3,27.764585,66.39283,0.0,0.0,18.25026,36.0,22.48
2023-08-06,51,Gerimis Ringan,34.1,23.45,28.320837,68.55175,0.2,2.0,18.175545,36.36,21.06
2023-08-07,51,Gerimis Ringan,33.7,22.75,27.960413,69.35163,0.6,2.0,16.299694,32.760002,22.24
2023-08-08,3,Mendung,32.85,23.4,27.781248,68.51176,0.0,0.0,17.935081,36.719997,21.16
2023-08-09,3,Mendung,33.3,22.75,27.600004,63.948895,0.0,0.0,16.418526,33.12,22.85
2023-08-10,3,Mendung,33.1,22.15,27.314589,64.01253,0.0,0.0,15.84409,29.88,22.11
2023-08-11,3,Mendung,33.2,21.1,26.895834,64.56261,0.0,0.0,15.94601,29.16,23.1
2023-08-12,51,Gerimis Ringan,33.55,21.25,27.137499,63.223984,0.3,2.0,16.981165,33.839996,23.52
2023-08-13,51,Gerimis Ringan,33.4,21.5,27.625,64.76182,0.1,1.0,15.683776,32.039997,23.1
2023-08-14,3,Mendung,33.45,22.45,27.793755,65.80672,0.0,0.0,17.727943,33.839996,22.91
2023-08-15,51,Gerimis Ringan,34.0,22.25,27.90625,67.851204,0.2,1.0,16.563911,32.760002,21.98
2023-08-16,51,Gerimis Ringan,34.0,22.2,27.756247,64.38934,0.1,1.0,17.418196,31.319998,23.36
2023-08-17,51,Gerimis Ringan,33.65,22.1,27.28125,62.12828,0.1,1.0,16.394829,31.319998,20.71
2023-08-18,55,Gerimis Lebat,33.5,21.85,27.308332,65.020775,1.2,1.0,14.561099,27.72,20.81
2023-08-19,3,Mendung,34.0,22.15,27.506248,67.25435,0.0,0.0,17.673029,36.0,23.29
2023-08-20,3,Mendung,33.95,23.3,28.400002,62.860733,0.0,0.0,20.65848,40.32,23.6
2023-08-21,0,Cerah,33.75,22.45,28.308334,64.67691,0.0,0.0,17.057314,35.28,23.04
2023-08-22,51,Gerimis Ringan,33.5,23.2,28.127085,63.84586,0.2,2.0,19.70815,37.8,22.65
2023-08-23,2,Berawan,33.6,22.6,27.860418,62.668125,0.0,0.0,17.313717,35.28,23.8
2023-08-24,1,Cerah Berawan,33.85,22.65,28.085413,60.325745,0.0,0.0,22.881958,42.48,24.02
2023-08-25,51,Gerimis Ringan,34.8,23.3,28.381248,66.60523,0.4,3.0,16.75064,33.48,23.45
2023-08-26,51,Gerimis Ringan,35.1,24.05,28.78125,63.19272,0.2,2.0,17.651016,34.2,23.24
2023-08-27,51,Gerimis Ringan,33.65,23.05,28.356253,60.971355,0.1,1.0,13.556282,26.64,22.56
2023-08-28,3,Mendung,34.45,22.3,28.004166,63.207546,0.0,0.0,18.345877,37.44,24.65
2023-08-29,3,Mendung,34.65,22.7,28.266663,64.95644,0.0,0.0,16.62249,33.839996,24.59
2023-08-30,3,Mendung,34.0,22.2,27.710417,68.41192,0.0,0.0,15.876775,33.839996,22.98
2023-08-31,3,Mendung,33.75,22.6,28.187502,66.821365,0.0,0.0,16.520823,33.839996,23.49
2023-09-01,3,Mendung,33.9,22.85,27.96875,64.3004,0.0,0.0,16.394829,34.92,23.75
2023-09-02,3,Mendung,34.05,22.1,27.860415,57.052216,0.0,0.0,16.09969,33.48,24.97
2023-09-03,3,Mendung,33.6,22.95,27.835417,55.546597,0.0,0.0,18.556595,37.079998,25.01
2023-09-04,3,Mendung,34.3,21.85,27.63333,57.826145,0.0,0.0,15.546833,32.760002,25.32
2023-09-05,3,Mendung,34.45,21.8,28.085419,58.520184,0.0,0.0,18.416384,38.519997,24.8
2023-09-06,3,Mendung,35.25,22.9,28.577082,61.78882,0.0,0.0,16.516901,34.2,23.64
2023-09-07,53,Gerimis Sedang,34.55,23.4,28.699999,61.378826,1.0,3.0,12.261158,22.319998,23.53
2023-09-08,51,Gerimis Ringan,35.6,23.4,28.447914,63.98262,0.5,2.0,17.10284,33.48,20.68
2023-09-09,3,Mendung,35.7,21.4,28.18125,62.953613,0.0,0.0,18.218275,32.039997,25.48
2023-09-10,3,Mendung,35.15,22.4,28.670835,59.373962,0.0,0.0,22.380884,42.839996,25.22
2023-09-11,3,Mendung,35.45,23.8,29.187494,60.397747,0.0,0.0,20.833395,40.68,24.94
2023-09-12,2,Berawan,36.05,23.8,29.283339,61.85335,0.0,0.0,20.265795,40.68,24.49
2023-09-13,51,Gerimis Ringan,35.35,23.45,29.089586,61.8701,0.4,1.0,20.929594,38.16,24.26
2023-09-14,51,Gerimis Ringan,34.5,24.3,28.664587,63.435062,0.70000005,3.0,22.461807,43.199997,21.95
2023-09-15,0,Cerah,34.75,22.4,28.46042,61.238144,0.0,0.0,20.898611,41.399998,25.24
2023-09-16,3,Mendung,34.35,24.0,28.88542,64.030754,0.0,0.0,18.359999,37.8,23.51
2023-09-17,65,Hujan Lebat,35.65,23.9,28.564583,68.37137,20.1,6.0,14.77755,29.88,23.51
2023-09-18,51,Gerimis Ringan,33.7,23.4,28.535421,69.74284,1.0,7.0,14.934577,26.64,22.51
2023-09-19,51,Gerimis Ringan,34.7,23.25,28.55208,63.860798,0.6,4.0,13.004922,23.4,20.34
2023-09-20,51,Gerimis Ringan,34.85,23.45,28.716667,63.29372,0.70000005,4.0,14.973577,26.64,23.18
2023-09-21,3,Mendung,35.8,22.65,28.772917,61.329212,0.0,0.0,19.770523,36.719997,24.25
2023-09-22,3,Mendung,35.4,22.6,28.224997,60.99806,0.0,0.0,15.5843,30.599998,24.48
2023-09-23,3,Mendung,35.8,22.5,28.595833,58.903126,0.0,0.0,23.452555,44.28,25.96
2023-09-24,3,Mendung,35.95,22.6,28.714582,63.25575,0.0,0.0,24.280659,46.8,25.68
2023-09-25,51,Gerimis Ringan,35.45,23.8,29.04167,60.962605,0.2,1.0,21.758419,40.68,24.34
2023-09-26,1,Cerah Berawan,35.95,22.05,28.543747,58.790623,0.0,0.0,23.795427,44.28,26.64
2023-09-27,3,Mendung,35.4,21.9,28.452082,62.0112,0.0,0.0,22.79684,43.56,25.81
2023-09-28,3,Mendung,35.2,22.45,28.57292,67.604744,0.0,0.0,20.870687,41.039997,25.98
2023-09-29,3,Mendung,36.15,24.2,29.472916,64.17923,0.0,0.0,16.279802,31.319998,23.71
2023-09-30,51,Gerimis Ringan,36.15,24.1,29.418753,64.19698,0.4,3.0,17.727943,34.92,24.89
2023-10-01,3,Mendung,36.4,23.6,29.204168,60.156567,0.0,0.0,19.134262,37.8,25.26
2023-10-02,51,Gerimis Ringan,35.25,23.85,29.158333,62.95627,0.1,1.0,19.08,36.0,24.11
2023-10-03,3,Mendung,36.35,23.95,29.260416,64.065155,0.0,0.0,19.083395,37.44,23.44
2023-10-04,3,Mendung,36.15,24.4,29.804169,62.076645,0.0,0.0,18.228943,37.44,25.38
2023-10-05,51,Gerimis Ringan,35.65,24.1,29.495829,68.38575,0.2,2.0,16.394829,34.92,24.62
2023-10-06,51,Gerimis Ringan,37.1,24.85,30.120834,63.093426,0.1,1.0,21.707731,42.839996,25.68
2023-10-07,3,Mendung,36.4,24.7,29.933336,63.598267,0.0,0.0,20.892412,41.399998,24.01
2023-10-08,3,Mendung,36.5,24.5,30.31458,57.778408,0.0,0.0,26.33911,50.399998,25.02
2023-10-09,51,Gerimis Ringan,36.7,23.95,29.729164,65.73379,0.1,1.0,19.959719,40.68,24.81
2023-10-10,61,Hujan Ringan,36.2,24.9,29.756248,67.389656,2.6,5.0,13.441071,32.760002,22.67
2023-10-11,1,Cerah Berawan,36.4,24.15,29.847916,62.02524,0.0,0.0,20.275385,40.32,24.81
2023-10-12,3,Mendung,35.75,23.75,29.635422,61.21838,0.0,0.0,21.288757,42.12,25.53
2023-10-13,51,Gerimis Ringan,36.05,25.35,29.933336,64.84773,0.2,2.0,16.299694,32.399998,24.0
2023-10-14,3,Mendung,35.85,24.8,30.189583,59.122425,0.0,0.0,24.387177,46.8,25.42
2023-10-15,3,Mendung,36.1,24.5,30.416664,59.276047,0.0,0.0,24.448214,46.44,24.48
2023-10-16,51,Gerimis Ringan,36.5,26.35,30.770828,60.631306,0.1,1.0,20.523155,40.68,25.39
2023-10-17,3,Mendung,36.65,24.85,30.485415,59.097317,0.0,0.0,25.006397,48.6,25.41
2023-10-18,51,Gerimis Ringan,36.7,23.8,29.995829,61.19047,0.2,2.0,23.233253,45.36,25.63
2023-10-19,51,Gerimis Ringan,37.15,24.65,30.214584,61.319492,0.3,3.0,22.668568,43.199997,23.95
2023-10-20,3,Mendung,36.5,24.8,30.13125,65.50022,0.0,0.0,18.03237,37.079998,25.56
2023-10-21,51,Gerimis Ringan,36.95,25.45,30.43125,65.15089,0.2,2.0,16.981165,30.960001,24.09
2023-10-22,53,Gerimis Sedang,35.7,24.6,29.904165,67.19207,1.0,2.0,11.609651,27.72,22.59
2023-10-23,51,Gerimis Ringan,34.8,25.8,30.237501,64.92579,0.3,3.0,16.965895,36.0,24.46
2023-10-24,55,Gerimis Lebat,35.85,25.7,29.954165,64.891335,1.1,1.0,16.575644,33.48,23.37
2023-10-25,3,Mendung,37.15,24.75,30.041664,64.98392,0.0,0.0,18.94024,38.88,24.83
2023-10-26,3,Mendung,38.35,25.05,30.912498,60.5421,0.0,0.0,17.287498,34.2,24.95
2023-10-27,51,Gerimis Ringan,37.45,24.9,30.497923,62.58137,0.4,1.0,19.05281,38.519997,25.31
2023-10-28,3,Mendung,37.4,24.0,30.506247,58.43318,0.0,0.0,20.620806,39.6,25.62
2023-10-29,53,Gerimis Sedang,36.9,24.35,29.960419,62.69602,1.0,2.0,19.770523,38.519997,24.2
2023-10-30,51,Gerimis Ringan,37.35,24.7,29.960417,65.50179,0.9000001,5.0,16.29174,34.92,24.83
2023-10-31,55,Gerimis Lebat,35.75,25.4,30.09167,67.5756,1.4,2.0,15.580141,38.16,23.86
2023-11-01,51,Gerimis Ringan,37.8,25.35,30.547918,67.15905,0.2,2.0,14.773164,30.599998,24.84
2023-11-02,3,Mendung,37.8,25.9,30.904165,63.213764,0.0,0.0,23.683512,45.0,25.62
2023-11-03,61,Hujan Ringan,34.4,24.95,29.429167,71.59148,6.2,9.0,15.84409,34.56,21.16
2023-11-04,63,Hujan Sedang,35.05,24.8,28.574995,75.099976,4.9999995,5.0,13.044722,29.88,20.78
2023-11-05,53,Gerimis Sedang,34.8,25.7,29.725,72.52503,1.5000001,6.0,17.208603,38.519997,23.71
2023-11-06,51,Gerimis Ringan,36.9,25.35,30.331251,69.55645,0.1,1.0,14.57889,31.319998,25.57
2023-11-07,3,Mendung,37.2,24.2,30.058332,66.65203,0.0,0.0,17.418196,35.28,25.11
2023-11-08,3,Mendung,36.55,24.95,30.65833,63.905807,0.0,0.0,12.819235,29.16,25.06
2023-11-09,61,Hujan Ringan,36.1,25.75,29.972918,68.25092,3.6999998,7.0,13.32,29.519999,20.92
2023-11-10,53,Gerimis Sedang,35.5,25.6,28.99792,73.72345,1.7,6.0,12.7279215,38.16,22.09
2023-11-11,55,Gerimis Lebat,35.4,25.15,29.697916,69.207756,1.7000002,4.0,12.738099,27.72,23.96
2023-11-12,53,Gerimis Sedang,34.9,24.25,29.470833,69.10314,1.4,4.0,11.753876,27.72,23.62
2023-11-13,55,Gerimis Lebat,36.0,25.25,30.016665,66.841896,1.6,4.0,14.759999,30.960001,24.42
2023-11-14,63,Hujan Sedang,35.45,25.75,29.443748,74.07812,4.7000003,6.0,12.074766,28.8,21.01
2023-11-15,63,Hujan Sedang,35.35,25.55,29.166666,75.106834,6.5,5.0,12.181624,27.72,19.68
2023-11-16,53,Gerimis Sedang,35.85,25.15,28.825003,76.99148,2.7999997,9.0,12.661564,32.399998,20.87
2023-11-17,61,Hujan Ringan,34.55,25.35,28.781252,75.55564,2.4999998,6.0,17.414476,34.2,20.24
2023-11-18,55,Gerimis Lebat,36.75,24.25,29.779167,69.37145,2.2,3.0,13.849476,27.359999,24.8
2023-11-19,51,Gerimis Ringan,35.05,24.85,29.952082,65.09432,1.0000001,8.0,9.659814,24.48,23.72
2023-11-20,61,Hujan Ringan,37.3,25.7,30.150003,66.097275,3.0,6.0,12.224107,28.08,23.97
2023-11-21,51,Gerimis Ringan,36.85,24.7,30.337503,65.77838,0.1,1.0,17.399586,34.2,24.21
2023-11-22,3,Mendung,37.9,25.5,31.210419,62.626358,0.0,0.0,20.008356,41.399998,25.04
2023-11-23,53,Gerimis Sedang,37.25,26.9,31.058336,63.256367,0.70000005,3.0,15.646544,32.760002,20.66
2023-11-24,63,Hujan Sedang,34.6,25.7,28.708338,77.40595,12.3,7.0,17.10284,34.56,20.88
2023-11-25,61,Hujan Ringan,31.9,24.65,27.48958,81.76652,5.4999995,13.0,13.039754,28.8,17.71
2023-11-26,63,Hujan Sedang,35.8,24.35,27.772913,79.04468,22.9,8.0,20.188908,39.239998,21.18
2023-11-27,63,Hujan Sedang,34.4,24.35,27.741667,80.74052,11.400001,11.0,15.1884165,30.960001,20.79
2023-11-28,63,Hujan Sedang,31.9,24.3,27.037504,84.38694,11.3,12.0,8.209263,22.319998,11.94
2023-11-29,63,Hujan Sedang,31.65,24.75,27.637499,83.33101,17.5,10.0,8.714677,22.319998,17.89
2023-11-30,65,Hujan Lebat,33.35,24.75,27.552084,85.11404,18.900003,11.0,17.377226,33.48,17.84
2023-12-01,65,Hujan Lebat,30.85,24.45,26.722918,86.3067,11.200001,14.0,12.24,24.119999,13.23
2023-12-02,63,Hujan Sedang,32.1,23.8,26.879168,85.41229,7.7,9.0,15.629971,30.239998,17.12
2023-12-03,63,Hujan Sedang,31.4,23.95,27.074999,85.748634,9.6,10.0,11.440979,25.919998,18.65
2023-12-04,63,Hujan Sedang,31.05,23.95,26.864586,84.91927,9.800001,9.0,10.8955765,24.119999,15.87
2023-12-05,63,Hujan Sedang,31.95,23.8,27.131248,85.06994,12.8,8.0,12.10157,26.64,19.63
2023-12-06,63,Hujan Sedang,33.0,24.25,27.90833,82.189186,10.299999,9.0,7.4128532,20.16,18.42
2023-12-07,63,Hujan Sedang,33.9,24.2,27.443748,84.08321,9.0,7.0,9.693296,39.6,20.82
2023-12-08,63,Hujan Sedang,32.9,24.1,27.24375,86.07447,8.1,7.0,16.055353,32.039997,18.33
2023-12-09,63,Hujan Sedang,30.95,24.95,27.437502,86.720924,19.0,13.0,9.0645685,26.28,14.49
2023-12-10,65,Hujan Lebat,32.1,25.0,26.689583,88.7362,30.500002,13.0,16.65754,33.12,12.81
2023-12-11,51,Gerimis Ringan,33.35,24.55,28.437506,76.679054,1.0,6.0,8.654986,19.8,20.33
2023-12-12,53,Gerimis Sedang,34.05,24.5,28.491667,74.465485,1.0,2.0,7.968939,21.96,23.5
2023-12-13,63,Hujan Sedang,33.6,25.0,27.864584,81.76553,15.9,11.0,11.966954,27.359999,19.22
2023-12-14,65,Hujan Lebat,32.4,24.55,27.654165,83.56658,17.8,12.0,12.984975,26.28,17.04
2023-12-15,65,Hujan Lebat,34.0,25.0,28.133333,81.02087,10.099999,4.0,18.079027,34.92,19.19
2023-12-16,51,Gerimis Ringan,35.05,24.65,29.341667,71.422264,0.2,2.0,13.684735,29.16,25.16
2023-12-17,65,Hujan Lebat,36.05,23.6,29.40625,67.84953,21.199999,7.0,16.09969,30.960001,25.25
2023-12-18,51,Gerimis Ringan,35.7,23.5,28.987501,70.6683,0.3,3.0,18.455048,35.64,24.75
2023-12-19,3,Mendung,36.1,24.9,29.610418,56.703976,0.0,0.0,10.495713,24.119999,26.34
2023-12-20,51,Gerimis Ringan,35.85,25.85,29.88125,54.379272,0.1,1.0,17.377226,34.92,22.0
2023-12-21,51,Gerimis Ringan,35.45,24.75,29.670832,60.951473,0.7,3.0,16.854767,33.48,24.83
2023-12-22,61,Hujan Ringan,33.95,25.4,29.135416,73.75747,7.2999997,8.0,13.70839,29.16,22.07
2023-12-23,61,Hujan Ringan,35.3,24.65,28.704163,77.69864,6.4,7.0,13.891522,30.960001,24.42
2023-12-24,61,Hujan Ringan,34.15,24.15,28.868746,74.65334,4.8,8.0,16.375053,33.839996,24.0
2023-12-25,63,Hujan Sedang,32.85,24.45,27.427084,81.60467,12.099999,11.0,14.759999,31.68,20.65
2023-12-26,63,Hujan Sedang,33.5,23.85,27.472914,83.27699,8.8,5.0,7.10031,20.16,19.09
2023-12-27,63,Hujan Sedang,33.75,25.0,28.520834,78.24355,6.8999996,7.0,13.584932,28.08,22.28
2023-12-28,63,Hujan Sedang,33.9,25.35,28.175001,82.31612,7.2999997,9.0,11.480557,27.359999,21.35
2023-12-29,61,Hujan Ringan,34.45,24.95,28.814585,80.72819,3.5999994,9.0,11.27553,22.68,23.3
2023-12-30,65,Hujan Lebat,31.65,24.5,27.427084,84.76855,23.1,19.0,9.19939,24.48,17.68
2023-12-31,63,Hujan Sedang,33.95,24.25,28.397919,81.9441,6.0,6.0,9.3669195,24.84,23.33
2024-01-01,63,Hujan Sedang,31.0,24.9,27.70208,84.61349,13.8,14.0,10.233123,26.64,17.91
2024-01-02,63,Hujan Sedang,33.5,24.7,27.960413,82.266914,10.200001,12.0,16.299694,32.039997,22.38
2024-01-03,61,Hujan Ringan,30.25,24.9,27.137506,86.15975,6.1,16.0,10.739833,25.199999,14.34
2024-01-04,65,Hujan Lebat,32.65,24.25,27.127085,86.60526,13.900001,15.0,19.09358,36.719997,18.06
2024-01-05,63,Hujan Sedang,30.85,23.7,26.739586,87.13248,8.7,13.0,9.793059,22.319998,12.95
2024-01-06,65,Hujan Lebat,31.3,25.35,27.225,87.85009,18.800001,17.0,14.654254,28.44,14.88
2024-01-07,63,Hujan Sedang,29.35,24.55,26.245836,88.90995,18.800001,19.0,11.27553,27.0,12.11
2024-01-08,65,Hujan Lebat,31.25,24.0,26.802084,88.90273,27.400002,15.0,8.78872,21.599998,15.84
2024-01-09,65,Hujan Lebat,32.3,24.5,27.045835,88.28397,12.8,8.0,14.88242,29.88,17.54
2024-01-10,61,Hujan Ringan,32.45,24.7,27.53125,85.21841,7.299999,15.0,13.202726,24.119999,19.92
2024-01-11,65,Hujan Lebat,33.45,24.85,27.566666,85.859344,24.2,10.0,11.983188,29.88,21.43
2024-01-12,3,Mendung,33.2,24.05,28.535418,73.41182,0.0,0.0,16.08761,30.239998,24.76
2024-01-13,51,Gerimis Ringan,33.8,25.4,29.281244,68.80269,0.1,1.0,15.281989,30.239998,25.02
2024-01-14,51,Gerimis Ringan,32.3,26.35,28.987497,68.84165,0.1,1.0,18.837324,31.319998,16.58
2024-01-15,63,Hujan Sedang,33.6,25.0,27.6875,80.40018,10.0,10.0,15.175612,31.319998,18.39
2024-01-16,61,Hujan Ringan,33.0,24.55,27.416664,83.9836,9.700001,16.0,13.570615,27.359999,20.03
2024-01-17,63,Hujan Sedang,30.4,23.8,26.464582,86.57493,14.6,18.0,12.904882,25.56,15.49
2024-01-18,63,Hujan Sedang,33.05,24.3,27.397919,86.1233,12.700001,12.0,14.904173,30.599998,21.2
2024-01-19,65,Hujan Lebat,31.25,24.55,26.195831,89.68684,25.6,18.0,16.870138,32.399998,12.76
2024-01-20,53,Gerimis Sedang,31.6,23.95,27.164583,81.37424,2.1,6.0,18.861387,38.519997,17.88
2024-01-21,63,Hujan Sedang,32.25,24.5,27.183334,82.45771,11.2,6.0,19.813087,37.079998,19.18
2024-01-22,63,Hujan Sedang,30.8,24.3,26.983332,84.26368,5.2000003,6.0,19.134262,38.16,18.92
2024-01-23,63,Hujan Sedang,31.6,24.8,27.697916,79.23432,4.9,5.0,18.03237,37.8,17.85
2024-01-24,65,Hujan Lebat,31.1,24.6,26.90625,84.02999,14.700001,12.0,18.668005,36.36,18.21
2024-01-25,63,Hujan Sedang,31.1,24.3,26.897917,86.06527,12.1,11.0,16.489416,37.44,21.84
2024-01-26,63,Hujan Sedang,31.7,23.95,26.679167,86.528496,12.500001,9.0,16.375053,38.16,19.82
2024-01-27,65,Hujan Lebat,31.6,23.7,26.566666,87.32433,15.400001,7.0,17.555305,36.719997,19.92
2024-01-28,63,Hujan Sedang,31.3,23.65,26.685415,87.158134,15.7,13.0,17.283749,37.44,20.71
2024-01-29,65,Hujan Lebat,32.15,24.3,26.412497,89.03088,27.699999,20.0,15.94601,39.96,16.81
2024-01-30,65,Hujan Lebat,31.0,23.8,26.662498,88.48111,22.600002,10.0,12.261157,26.28,16.23
2024-01-31,63,Hujan Sedang,32.65,23.8,27.014582,85.25429,12.900002,14.0,12.413476,27.359999,22.64
2024-02-01,63,Hujan Sedang,32.1,24.55,27.285416,85.47486,8.200001,9.0,13.044722,29.16,22.37
2024-02-02,65,Hujan Lebat,32.05,24.1,26.956247,87.53396,18.8,9.0,11.681987,27.359999,17.68
2024-02-03,65,Hujan Lebat,30.8,24.75,26.562502,88.72696,19.600002,15.0,14.168641,30.239998,14.24
2024-02-04,63,Hujan Sedang,31.5,24.3,26.518751,88.00546,18.1,12.0,16.981165,30.960001,17.45
2024-02-05,63,Hujan Sedang,30.5,24.4,26.820833,86.88797,18.300001,16.0,15.876775,33.48,15.58
2024-02-06,65,Hujan Lebat,31.6,23.75,26.20417,89.41102,26.0,15.0,18.161278,35.64,15.78
2024-02-07,61,Hujan Ringan,29.8,24.35,26.060411,89.34692,6.0,16.0,15.256526,25.919998,12.78
2024-02-08,65,Hujan Lebat,31.5,23.2,26.293747,88.25381,14.800001,8.0,9.422101,29.16,17.56
2024-02-09,63,Hujan Sedang,32.55,23.5,27.164583,84.96549,14.2,11.0,11.440979,24.48,23.63
2024-02-10,65,Hujan Lebat,29.65,24.0,25.94375,89.99896,33.6,19.0,13.363711,27.359999,13.6
2024-02-11,63,Hujan Sedang,31.75,24.25,26.745834,87.251915,10.700001,12.0,18.089775,35.28,18.33
2024-02-12,65,Hujan Lebat,32.65,24.0,27.014582,86.34745,18.3,8.0,17.0763,33.12,22.9
2024-02-13,63,Hujan Sedang,32.5,24.0,27.391663,86.06063,13.100001,12.0,8.311245,21.24,20.46
2024-02-14,63,Hujan Sedang,30.95,24.3,26.854172,89.16446,13.500002,12.0,11.367109,25.199999,14.59
2024-02-15,63,Hujan Sedang,32.2,25.15,27.59375,87.55772,21.3,12.0,11.4862,22.68,20.47
2024-02-16,63,Hujan Sedang,32.85,24.5,28.04167,84.364204,8.999999,9.0,11.304229,24.84,24.42
2024-02-17,63,Hujan Sedang,31.55,24.3,26.906252,88.30778,12.5,16.0,13.722565,27.0,17.87
2024-02-18,65,Hujan Lebat,31.7,23.85,26.841667,87.54575,23.300001,17.0,12.904882,31.319998,19.03
2024-02-19,63,Hujan Sedang,32.05,24.45,27.787497,85.264275,7.7999997,8.0,10.739832,24.48,22.6
2024-02-20,63,Hujan Sedang,32.6,24.75,27.989586,85.0077,10.3,9.0,10.1376915,21.96,21.14
2024-02-21,65,Hujan Lebat,32.95,24.7,27.539583,86.67846,33.0,17.0,13.493999,27.72,21.54
2024-02-22,63,Hujan Sedang,32.05,24.55,27.99375,84.25345,10.1,8.0,15.778516,31.319998,21.85
2024-02-23,63,Hujan Sedang,30.8,24.7,27.185417,87.73297,14.800001,12.0,12.984975,28.8,17.72
2024-02-24,63,Hujan Sedang,31.4,24.7,27.089584,87.81913,15.7,13.0,11.885453,24.84,17.43
2024-02-25,63,Hujan Sedang,29.55,24.7,26.410416,89.18714,15.200001,15.0,16.279802,32.760002,13.94
2024-02-26,63,Hujan Sedang,32.15,24.35,26.977081,87.20087,8.300001,10.0,12.074766,28.8,20.24
2024-02-27,63,Hujan Sedang,32.3,24.5,27.383331,85.79605,7.3,6.0,9.19939,32.399998,20.1
2024-02-28,63,Hujan Sedang,31.0,24.75,27.083336,86.96021,9.700001,11.0,11.620809,24.119999,18.78
2024-02-29,63,Hujan Sedang,32.05,24.4,27.583334,87.39629,13.599999,11.0,10.495713,22.319998,20.44
2024-03-01,63,Hujan Sedang,32.2,24.75,27.1,88.76907,16.500002,15.0,14.081478,31.68,19.41
2024-03-02,63,Hujan Sedang,31.4,24.8,27.327085,87.35388,13.8,10.0,14.24163,26.28,18.07
2024-03-03,65,Hujan Lebat,32.25,25.15,27.533333,87.52007,18.8,11.0,13.363711,28.08,21.86
2024-03-04,63,Hujan Sedang,32.1,24.95,27.452085,87.29214,12.700002,10.0,10.390226,25.199999,18.19
2024-03-05,65,Hujan Lebat,31.8,25.0,27.097916,89.160545,28.0,17.0,14.973576,27.72,15.57
2024-03-06,65,Hujan Lebat,32.25,24.4,27.495832,86.86814,16.900002,13.0,13.1041975,27.359999,20.16
2024-03-07,63,Hujan Sedang,31.55,24.65,27.106245,88.49929,16.5,15.0,9.686609,24.119999,14.46
2024-03-08,65,Hujan Lebat,32.3,24.95,27.137497,88.96604,24.600002,20.0,15.0038395,29.88,17.12
2024-03-09,61,Hujan Ringan,28.0,24.3,25.862501,91.51868,9.4,14.0,19.44,32.399998,7.42
2024-03-10,53,Gerimis Sedang,29.8,24.05,26.460419,84.21724,1.0,4.0,15.463244,27.72,12.21
2024-03-11,61,Hujan Ringan,31.1,24.5,26.627089,89.761284,7.7999997,16.0,12.641076,34.2,14.39
2024-03-12,63,Hujan Sedang,29.35,24.15,26.558334,87.18848,14.8,15.0,21.794127,42.48,11.38
2024-03-13,63,Hujan Sedang,29.15,24.25,26.25,88.35659,23.499998,13.0,20.46941,44.28,10.2
2024-03-14,63,Hujan Sedang,29.55,24.5,26.258333,90.28193,8.3,21.0,22.039528,43.92,10.85
2024-03-15,65,Hujan Lebat,30.25,24.3,26.304169,89.568535,23.6,19.0,20.421871,45.0,15.26
2024-03-16,61,Hujan Ringan,30.95,24.55,26.758337,86.76611,6.2999997,13.0,20.68356,39.96,17.82
2024-03-17,63,Hujan Sedang,30.5,23.7,26.645834,85.78049,6.9,10.0,16.055353,35.64,17.58
2024-03-18,63,Hujan Sedang,30.95,24.35,27.2875,83.102135,7.7999997,11.0,14.799459,31.68,20.28
2024-03-19,2,Berawan,32.9,24.5,28.102083,79.49758,0.0,0.0,14.618837,27.359999,24.33
2024-03-20,55,Gerimis Lebat,32.35,22.9,27.485418,83.873436,2.5,8.0,16.135872,31.319998,23.84
2024-03-21,53,Gerimis Sedang,32.2,24.35,27.275002,84.054054,3.6,12.0,15.778516,31.319998,22.14
2024-03-22,61,Hujan Ringan,33.0,23.55,27.637497,83.27848,3.4999998,4.0,14.417988,27.72,22.18
2024-03-23,53,Gerimis Sedang,32.45,24.6,27.875,85.18461,1.7,5.0,6.6185193,19.08,21.93
2024-03-24,61,Hujan Ringan,31.45,24.35,27.700003,83.78841,5.2999997,8.0,9.0645685,26.28,22.05
2024-03-25,55,Gerimis Lebat,32.5,25.0,28.083334,81.37619,2.6999998,6.0,9.531505,21.96,21.06
2024-03-26,63,Hujan Sedang,33.2,24.35,28.22083,80.983154,4.7,5.0,9.387651,21.96,22.72
2024-03-27,65,Hujan Lebat,33.5,24.45,27.824999,82.54972,15.200001,4.0,15.978486,29.88,21.42
2024-03-28,65,Hujan Lebat,32.45,24.3,26.762499,86.935974,38.2,11.0,12.261158,31.319998,16.78
2024-03-29,53,Gerimis Sedang,32.4,24.45,27.922918,83.03765,1.6,7.0,9.565437,23.759998,20.74
2024-03-30,53,Gerimis Sedang,33.7,25.45,28.83542,81.30716,2.3999999,11.0,8.12197,19.08,22.99
2024-03-31,53,Gerimis Sedang,32.95,24.95,28.172918,85.1838,2.8,10.0,10.1376915,20.519999,21.42
2024-04-01,63,Hujan Sedang,32.55,25.05,27.33542,86.603485,11.400001,9.0,14.24163,29.16,19.15
2024-04-02,63,Hujan Sedang,31.55,24.45,27.164583,86.45875,10.9,11.0,11.090103,24.119999,15.9
2024-04-03,55,Gerimis Lebat,32.15,24.2,27.983332,84.900505,2.2,9.0,10.829959,21.24,18.0
2024-04-04,61,Hujan Ringan,33.3,24.55,27.872915,83.84136,6.0999994,13.0,12.979984,26.64,21.75
2024-04-05,63,Hujan Sedang,31.75,24.75,27.210417,86.97232,21.100002,14.0,8.759178,24.84,18.65
2024-04-06,51,Gerimis Ringan,33.7,24.65,28.68542,79.66036,0.5,3.0,11.177405,21.599998,23.16
2024-04-07,65,Hujan Lebat,32.7,25.2,28.175001,83.43543,19.4,12.0,9.449572,21.599998,20.79
2024-04-08,63,Hujan Sedang,32.3,25.0,27.997915,83.59045,11.3,11.0,11.435313,23.759998,19.72
2024-04-09,63,Hujan Sedang,31.65,24.7,26.922918,87.83926,17.2,15.0,11.792404,23.4,14.85
2024-04-10,65,Hujan Lebat,31.6,24.55,26.937498,88.929344,12.1,8.0,13.441071,27.0,13.63
2024-04-11,63,Hujan Sedang,31.2,24.35,26.864586,88.49411,17.900002,12.0,13.797912,27.0,14.36
2024-04-12,55,Gerimis Lebat,32.25,24.7,27.443747,85.1402,4.8,12.0,10.195057,20.519999,20.68
2024-04-13,61,Hujan Ringan,31.35,24.45,27.460413,85.73358,3.5999997,10.0,9.449572,21.96,17.99
2024-04-14,55,Gerimis Lebat,31.85,24.85,27.91667,85.56286,3.4999995,9.0,11.525623,24.48,20.7
2024-04-15,53,Gerimis Sedang,32.0,24.85,27.849998,85.01055,1.6000001,8.0,10.703569,23.759998,20.84
2024-04-16,51,Gerimis Ringan,33.35,24.65,28.545835,82.429085,0.8000001,5.0,10.24578,20.880001,21.75
2024-04-17,63,Hujan Sedang,30.9,24.6,27.258331,86.87203,13.0,14.0,12.397806,30.960001,15.04
2024-04-18,63,Hujan Sedang,31.3,24.55,27.222921,88.01318,10.3,13.0,8.647496,23.039999,17.7
2024-04-19,61,Hujan Ringan,31.95,24.3,27.464582,86.33881,5.7,8.0,11.119281,24.48,18.88
2024-04-20,53,Gerimis Sedang,32.8,24.25,28.03958,84.32844,1.7000002,9.0,10.661107,27.0,20.39
2024-04-21,63,Hujan Sedang,32.35,24.7,27.474998,87.305244,11.6,17.0,13.551501,29.519999,17.67
2024-04-22,65,Hujan Lebat,31.95,25.25,27.568754,88.22504,18.500002,17.0,8.759178,16.919998,15.12
2024-04-23,63,Hujan Sedang,29.8,25.25,26.902084,89.9127,15.200002,17.0,10.630672,24.48,12.6
2024-04-24,65,Hujan Lebat,30.3,24.85,26.908335,91.07365,23.699999,14.0,11.966953,25.199999,12.27
2024-04-25,63,Hujan Sedang,28.6,25.05,26.285418,91.48962,6.2999997,10.0,12.10157,24.48,9.57
2024-04-26,51,Gerimis Ringan,32.0,24.8,27.643747,86.99823,1.2,8.0,13.527572,29.16,17.68
2024-04-27,51,Gerimis Ringan,32.55,24.65,28.183332,84.28779,1.0,6.0,18.486622,37.079998,21.05
2024-04-28,51,Gerimis Ringan,33.2,25.05,28.693748,82.059,0.2,2.0,11.620809,32.039997,21.33
2024-04-29,3,Mendung,33.4,24.95,28.87708,78.98463,0.0,0.0,14.154915,26.64,21.64
2024-04-30,51,Gerimis Ringan,33.15,25.35,28.883331,77.814865,0.5,3.0,12.6462,23.759998,20.61
2024-05-01,51,Gerimis Ringan,33.2,24.8,28.737497,78.286545,0.1,1.0,14.759999,28.08,21.34
2024-05-02,61,Hujan Ringan,33.0,24.95,28.293747,83.26525,2.6,4.0,11.570515,30.239998,19.16
2024-05-03,3,Mendung,34.1,23.95,28.689585,76.59747,0.0,0.0,12.758432,25.199999,22.17
2024-05-04,53,Gerimis Sedang,32.2,24.85,27.606253,80.89358,2.0,9.0,11.013882,20.880001,19.08
2024-05-05,3,Mendung,32.2,23.25,27.520834,73.60098,0.0,0.0,6.297428,15.84,20.97
2024-05-06,3,Mendung,32.8,22.95,27.650002,73.21925,0.0,0.0,8.12197,15.4800005,22.11
2024-05-07,51,Gerimis Ringan,33.5,23.6,28.202082,74.599464,0.4,2.0,9.449572,19.08,20.95
2024-05-08,51,Gerimis Ringan,32.4,23.95,27.943748,80.60111,1.0,8.0,8.759178,20.16,19.77
2024-05-09,51,Gerimis Ringan,32.35,24.2,28.356249,78.73844,0.5,3.0,11.183201,23.4,19.29
2024-05-10,51,Gerimis Ringan,33.4,24.55,29.029167,76.41676,0.4,4.0,14.764389,29.519999,20.25
2024-05-11,53,Gerimis Sedang,33.4,26.1,29.429167,74.14262,1.7,4.0,16.595179,36.36,19.25
2024-05-12,3,Mendung,34.2,24.55,29.089586,72.64857,0.0,0.0,18.861387,36.719997,20.52
2024-05-13,3,Mendung,34.45,23.25,28.822914,73.37305,0.0,0.0,15.379206,27.0,20.84
2024-05-14,51,Gerimis Ringan,33.95,24.6,28.84375,76.030304,0.3,3.0,11.966954,19.8,19.14
2024-05-15,51,Gerimis Ringan,33.35,24.35,28.874998,72.717995,0.4,3.0,15.484185,27.0,19.92
2024-05-16,3,Mendung,34.6,23.95,28.962502,70.86668,0.0,0.0,13.896187,27.0,21.83
2024-05-17,51,Gerimis Ringan,33.85,24.0,28.93958,72.40104,0.2,1.0,18.391735,34.92,20.57
2024-05-18,51,Gerimis Ringan,34.05,23.9,28.906248,72.18625,0.4,4.0,16.171976,29.519999,20.11
2024-05-19,3,Mendung,34.15,24.45,29.09375,68.254265,0.0,0.0,16.09969,32.039997,21.52
2024-05-20,3,Mendung,34.4,23.8,29.045835,68.65136,0.0,0.0,13.556282,25.56,20.57
2024-05-21,3,Mendung,34.25,24.15,29.137499,68.29184,0.0,0.0,12.287555,20.880001,20.47
2024-05-22,51,Gerimis Ringan,34.1,24.4,29.189583,71.25299,0.1,1.0,9.793059,19.8,19.49
2024-05-23,63,Hujan Sedang,34.5,24.75,28.96667,75.021996,13.600001,7.0,14.336861,30.599998,18.97
2024-05-24,63,Hujan Sedang,33.7,25.15,28.410414,81.53194,7.799999,8.0,12.261157,27.72,18.82
2024-05-25,53,Gerimis Sedang,33.15,25.15,28.34583,81.17071,1.7,6.0,8.049845,18.72,19.15
2024-05-26,3,Mendung,33.65,24.1,28.38125,78.76843,0.0,0.0,7.6367526,16.199999,19.52
2024-05-27,51,Gerimis Ringan,33.85,24.25,28.26667,78.19863,0.2,2.0,16.563911,30.599998,19.38
2024-05-28,51,Gerimis Ringan,33.35,24.55,28.754166,76.71737,0.8000001,5.0,13.138765,27.359999,19.46
2024-05-29,51,Gerimis Ringan,33.0,25.2,28.82083,77.62971,0.90000004,6.0,11.367109,25.199999,18.59
2024-05-30,61,Hujan Ringan,34.65,24.6,28.997915,75.417854,4.1,4.0,15.379206,27.0,20.34
2024-05-31,51,Gerimis Ringan,34.75,24.45,29.07292,75.92867,0.1,1.0,14.241629,29.16,18.85
2024-06-01,61,Hujan Ringan,34.9,25.1,29.445831,74.500145,1.9000001,3.0,16.676977,32.760002,18.69
2024-06-02,63,Hujan Sedang,32.65,24.8,27.985415,82.12299,8.7,7.0,9.449572,25.199999,15.71
2024-06-03,55,Gerimis Lebat,33.75,24.95,28.114578,81.011925,1.9000001,5.0,10.883676,29.16,17.16
2024-06-04,53,Gerimis Sedang,32.85,24.5,28.004166,78.958374,0.6,2.0,10.383987,22.68,17.92
2024-06-05,3,Mendung,33.6,23.75,28.433332,73.20822,0.0,0.0,11.090103,21.599998,18.09
2024-06-06,51,Gerimis Ringan,33.7,23.8,28.260416,72.97425,0.2,1.0,16.039202,29.16,19.62
2024-06-07,53,Gerimis Sedang,32.3,23.75,28.052084,75.96952,1.0000001,6.0,13.004922,28.44,18.58
2024-06-08,63,Hujan Sedang,33.05,24.0,28.035418,77.80438,5.8999996,8.0,14.408997,24.84,17.72
2024-06-09,55,Gerimis Lebat,32.8,24.45,28.189583,79.662315,2.0,7.0,12.979984,28.44,16.32
2024-06-10,51,Gerimis Ringan,34.05,24.7,28.841665,75.51863,0.70000005,6.0,14.372974,27.72,18.63
2024-06-11,51,Gerimis Ringan,33.65,25.45,28.627083,77.31744,0.6,3.0,14.336861,30.599998,18.54
2024-06-12,63,Hujan Sedang,33.75,24.05,27.752089,80.691345,10.600001,14.0,9.885262,21.24,18.05
2024-06-13,63,Hujan Sedang,31.95,23.6,27.145834,82.85854,7.8,8.0,10.805999,22.68,16.09
2024-06-14,63,Hujan Sedang,31.25,24.45,27.475,81.350365,5.2999997,10.0,9.957108,24.48,17.21
2024-06-15,61,Hujan Ringan,31.4,24.9,26.96875,84.15035,3.2,6.0,9.0,21.24,14.52
2024-06-16,51,Gerimis Ringan,32.35,23.1,27.777086,78.446655,0.6,6.0,12.9249525,22.68,18.1
2024-06-17,53,Gerimis Sedang,32.65,24.0,28.218748,74.57937,1.4,6.0,17.654688,33.839996,17.45
2024-06-18,3,Mendung,32.45,24.1,27.987503,68.175186,0.0,0.0,23.906818,43.92,21.42
2024-06-19,3,Mendung,33.45,21.8,27.212502,69.10063,0.0,0.0,17.309973,33.12,21.29
2024-06-20,3,Mendung,32.7,21.95,27.241663,67.15389,0.0,0.0,17.654688,33.839996,21.33
2024-06-21,3,Mendung,32.95,21.4,27.135416,66.78856,0.0,0.0,16.981165,33.839996,20.72
2024-06-22,3,Mendung,33.45,22.25,27.67708,66.67023,0.0,0.0,15.034041,29.16,21.07
2024-06-23,3,Mendung,33.85,23.25,28.212502,68.68275,0.0,0.0,15.876775,30.599998,18.37
2024-06-24,61,Hujan Ringan,32.6,24.35,27.172913,78.151474,4.4,8.0,19.862083,38.519997,15.16
2024-06-25,53,Gerimis Sedang,33.25,23.35,27.610422,78.019585,1.3000001,4.0,14.205182,27.0,18.22
2024-06-26,51,Gerimis Ringan,33.2,23.65,28.49375,73.8829,0.1,1.0,14.044615,28.44,18.6
2024-06-27,51,Gerimis Ringan,33.2,25.15,28.566668,73.75942,0.4,3.0,14.021525,29.16,19.17
2024-06-28,63,Hujan Sedang,32.3,23.3,27.804169,79.401726,5.3999996,6.0,11.384199,21.599998,18.53
2024-06-29,51,Gerimis Ringan,33.6,24.75,28.670837,71.845375,0.1,1.0,14.118243,27.0,19.36
2024-06-30,51,Gerimis Ringan,34.1,23.65,28.612501,71.15053,0.2,2.0,10.137692,20.519999,19.98
2024-07-01,51,Gerimis Ringan,33.3,23.85,28.033333,73.19778,0.1,1.0,9.793059,17.64,18.7
2024-07-02,61,Hujan Ringan,31.9,23.2,26.960419,78.72488,2.7,5.0,15.876775,30.239998,14.54
2024-07-03,55,Gerimis Lebat,32.5,23.5,27.4625,79.10536,1.2,1.0,18.03237,30.599998,14.33
2024-07-04,63,Hujan Sedang,31.45,24.25,26.574999,84.8646,5.9999995,10.0,16.343367,31.68,12.5
2024-07-05,3,Mendung,33.1,23.5,27.870832,71.081505,0.0,0.0,15.39184,29.16,20.24
2024-07-06,53,Gerimis Sedang,33.25,23.5,27.724998,73.22807,1.5,5.0,18.875126,35.28,17.41
2024-07-07,61,Hujan Ringan,32.25,23.9,27.12708,78.59818,2.3999996,6.0,16.434305,36.719997,17.09
2024-07-08,3,Mendung,33.35,23.75,28.199999,71.03935,0.0,0.0,13.849476,29.519999,20.52
2024-07-09,3,Mendung,33.75,23.0,28.127083,69.51302,0.0,0.0,13.493999,27.72,20.62
2024-07-10,51,Gerimis Ringan,34.55,22.8,28.15625,69.5345,0.70000005,3.0,17.518356,32.760002,20.62
2024-07-11,3,Mendung,34.4,22.5,27.9125,64.715324,0.0,0.0,18.03237,32.039997,21.23
2024-07-12,3,Mendung,33.9,22.25,27.922915,59.865864,0.0,0.0,15.905319,32.760002,21.26
2024-07-13,3,Mendung,33.5,22.6,27.414583,61.447876,0.0,0.0,16.746773,30.239998,19.34
2024-07-14,3,Mendung,32.85,20.4,26.543753,60.980946,0.0,0.0,17.313717,35.28,22.05
2024-07-15,2,Berawan,33.7,22.05,27.485418,59.00906,0.0,0.0,17.114204,31.68,20.03
2024-07-16,0,Cerah,33.75,21.85,27.272917,65.13456,0.0,0.0,17.208603,30.960001,21.35
2024-07-17,3,Mendung,32.8,21.85,27.352087,64.98452,0.0,0.0,21.659916,40.68,20.81
2024-07-18,3,Mendung,33.45,22.5,27.858335,66.37228,0.0,0.0,18.25026,35.64,19.76
2024-07-19,3,Mendung,33.55,22.35,27.985418,64.07385,0.0,0.0,17.298738,34.56,21.66
2024-07-20,51,Gerimis Ringan,33.7,22.6,28.045832,65.16178,0.4,2.0,18.214718,34.2,20.96
2024-07-21,3,Mendung,32.95,22.5,27.858332,65.70893,0.0,0.0,14.618837,25.919998,18.67
2024-07-22,2,Berawan,34.1,22.8,27.856249,61.459187,0.0,0.0,16.808569,34.2,21.0
2024-07-23,51,Gerimis Ringan,34.0,22.6,27.839584,69.63242,0.5,2.0,16.641972,30.960001,18.87
2024-07-24,51,Gerimis Ringan,34.6,22.85,28.320833,68.4727,0.1,1.0,13.246826,24.119999,17.71
2024-07-25,51,Gerimis Ringan,34.7,23.1,28.070837,66.53416,0.3,1.0,17.068707,30.239998,18.9
2024-07-26,1,Cerah Berawan,34.45,22.65,28.104166,66.19964,0.0,0.0,16.981165,31.319998,21.44
2024-07-27,2,Berawan,34.25,23.0,28.366667,67.010254,0.0,0.0,14.84318,28.44,21.31
2024-07-28,51,Gerimis Ringan,34.95,23.3,28.5875,64.22448,0.1,1.0,18.014393,33.839996,21.41
2024-07-29,3,Mendung,34.55,22.3,28.056246,66.000534,0.0,0.0,16.203999,32.399998,21.54
2024-07-30,3,Mendung,34.7,23.25,28.66667,66.77389,0.0,0.0,18.014393,34.56,20.97
2024-07-31,51,Gerimis Ringan,34.05,24.05,28.656244,69.303856,0.5,3.0,17.518356,36.0,20.08
2024-08-01,51,Gerimis Ringan,33.6,25.25,29.124998,68.87619,0.2,2.0,19.110542,38.88,20.3
2024-08-02,55,Gerimis Lebat,33.1,25.05,28.216667,73.805885,2.0,8.0,15.827721,33.48,17.65
2024-08-03,3,Mendung,33.95,23.65,28.641665,69.37146,0.0,0.0,15.856356,32.760002,21.15
2024-08-04,53,Gerimis Sedang,34.55,23.5,28.491667,67.67437,1.1,3.0,17.654688,33.12,21.08
2024-08-05,3,Mendung,34.55,22.05,27.879168,64.55358,0.0,0.0,17.0763,31.319998,22.79
2024-08-06,3,Mendung,35.55,22.7,28.535418,63.23695,0.0,0.0,21.479666,38.519997,22.46
2024-08-07,3,Mendung,35.05,23.25,28.354164,66.017815,0.0,0.0,17.811815,36.0,21.12
2024-08-08,3,Mendung,34.85,24.35,29.083336,64.208374,0.0,0.0,21.322214,39.96,20.87
2024-08-09,51,Gerimis Ringan,35.0,24.2,28.79583,66.30207,0.4,2.0,17.884428,34.56,22.57
2024-08-10,3,Mendung,34.5,23.9,28.887499,65.21943,0.0,0.0,19.443333,39.239998,22.53
2024-08-11,3,Mendung,33.65,22.65,28.104166,57.172546,0.0,0.0,19.211996,35.28,22.23
2024-08-12,3,Mendung,33.85,21.0,27.193748,55.407825,0.0,0.0,18.391735,34.2,23.62
2024-08-13,3,Mendung,35.1,21.95,28.239584,59.732162,0.0,0.0,20.519999,38.519997,22.29
2024-08-14,3,Mendung,34.65,22.25,28.210417,62.987286,0.0,0.0,16.24394,33.48,23.09
2024-08-15,3,Mendung,34.4,22.7,27.935415,62.94504,0.0,0.0,16.981165,32.760002,23.31
2024-08-16,3,Mendung,35.3,22.3,27.991669,58.423203,0.0,0.0,18.888851,36.36,22.81
2024-08-17,0,Cerah,34.6,22.75,28.356253,60.83441,0.0,0.0,17.373497,34.56,23.01
2024-08-18,51,Gerimis Ringan,35.45,22.75,28.349998,63.27357,0.1,1.0,17.727943,32.039997,23.45
2024-08-19,3,Mendung,35.2,22.15,27.872915,64.33076,0.0,0.0,18.075441,33.48,23.85
2024-08-20,3,Mendung,35.05,22.55,28.289587,61.1763,0.0,0.0,18.345877,33.839996,23.91
2024-08-21,3,Mendung,35.6,23.2,28.57292,61.57257,0.0,0.0,18.888851,37.44,23.45
2024-08-22,3,Mendung,35.35,22.75,28.466667,65.851875,0.0,0.0,18.089775,36.719997,22.05
2024-08-23,51,Gerimis Ringan,35.2,23.35,29.022917,59.584423,0.3,2.0,19.06301,35.28,22.72
2024-08-24,51,Gerimis Ringan,35.7,23.3,28.793747,62.266342,0.3,1.0,21.322214,39.96,22.76
2024-08-25,3,Mendung,35.7,23.35,29.008333,59.592228,0.0,0.0,22.553936,43.199997,23.04
2024-08-26,3,Mendung,36.4,23.9,29.327082,60.501682,0.0,0.0,18.806337,37.44,23.71
2024-08-27,3,Mendung,36.7,23.1,29.008333,56.50034,0.0,0.0,22.3229,40.32,23.94
2024-08-28,3,Mendung,35.35,23.05,28.541666,60.667805,0.0,0.0,18.775301,36.36,17.65
2024-08-29,3,Mendung,35.3,23.55,29.033333,61.400837,0.0,0.0,23.510508,40.32,23.61
2024-08-30,3,Mendung,35.5,23.1,28.65625,61.76092,0.0,0.0,17.811815,34.92,24.34
2024-08-31,51,Gerimis Ringan,36.6,23.75,29.306252,61.700687,0.2,1.0,15.629971,32.399998,23.39
2024-09-01,51,Gerimis Ringan,35.95,24.05,29.345833,61.959274,0.8000001,5.0,10.495713,24.119999,21.5
2024-09-02,3,Mendung,36.15,24.15,29.275,62.54874,0.0,0.0,20.617662,39.239998,22.11
2024-09-03,1,Cerah Berawan,36.65,23.95,29.581251,58.572155,0.0,0.0,24.280659,45.719997,23.98
2024-09-04,51,Gerimis Ringan,35.4,24.05,29.389585,62.47465,0.1,1.0,19.852295,39.96,22.92
2024-09-05,3,Mendung,37.05,24.4,29.989578,61.082775,0.0,0.0,18.278645,32.399998,24.21
2024-09-06,3,Mendung,35.8,24.4,29.577085,58.562927,0.0,0.0,21.288757,41.760002,24.86
2024-09-07,3,Mendung,35.85,24.15,29.637503,60.352886,0.0,0.0,26.478973,50.039997,24.04
2024-09-08,53,Gerimis Sedang,35.2,25.25,29.45208,63.982838,1.1,4.0,22.206486,42.48,21.97
2024-09-09,3,Mendung,36.5,24.15,30.000002,60.438007,0.0,0.0,17.373497,36.0,23.98
2024-09-10,63,Hujan Sedang,34.6,25.35,28.612505,70.03508,7.7,8.0,11.91812,28.44,21.03
2024-09-11,51,Gerimis Ringan,35.55,23.7,28.739584,72.9698,0.9,3.0,16.78156,32.039997,23.09
2024-09-12,51,Gerimis Ringan,34.8,23.1,28.662498,66.657326,0.1,1.0,19.914217,38.519997,25.17
2024-09-13,51,Gerimis Ringan,35.85,22.85,28.693756,61.430622,0.1,1.0,18.709612,34.92,24.01
2024-09-14,51,Gerimis Ringan,35.75,23.1,29.154167,58.78651,0.5,2.0,19.134262,36.719997,23.72
2024-09-15,51,Gerimis Ringan,36.3,23.75,29.291672,58.950104,0.6,3.0,14.77755,29.88,23.13
2024-09-16,51,Gerimis Ringan,35.75,23.85,29.345835,57.023624,0.2,1.0,11.988594,25.56,23.01
2024-09-17,3,Mendung,37.35,23.1,29.060415,58.198246,0.0,0.0,18.556595,37.44,24.03
2024-09-18,3,Mendung,37.05,23.3,29.183334,54.965527,0.0,0.0,18.089775,31.68,25.63
2024-09-19,51,Gerimis Ringan,36.35,22.5,28.783335,60.40198,0.4,2.0,18.448023,37.079998,25.87
2024-09-20,3,Mendung,35.95,24.75,29.491667,63.111347,0.0,0.0,18.289274,34.56,24.19
2024-09-21,3,Mendung,36.65,25.1,29.84375,65.890526,0.0,0.0,20.380579,39.6,23.72
2024-09-22,61,Hujan Ringan,35.35,25.9,29.727083,72.427345,2.4,4.0,18.35647,37.079998,21.86
2024-09-23,61,Hujan Ringan,34.2,25.5,28.80208,73.908516,4.2,8.0,16.279802,34.92,19.98
2024-09-24,63,Hujan Sedang,34.2,25.4,28.03125,78.43993,5.9,6.0,16.862455,35.64,18.9
2024-09-25,63,Hujan Sedang,34.35,24.6,27.764582,78.77787,10.700001,6.0,15.2947035,31.68,20.48
2024-09-26,63,Hujan Sedang,33.6,24.45,27.641668,80.10637,8.700001,10.0,11.08572,25.919998,17.53
2024-09-27,51,Gerimis Ringan,34.4,23.85,28.666664,76.57731,0.8000001,4.0,12.522619,26.64,22.38
2024-09-28,51,Gerimis Ringan,34.9,25.05,29.689585,69.212845,0.1,1.0,19.64063,38.519997,24.49
2024-09-29,3,Mendung,36.25,24.25,29.575003,68.02818,0.0,0.0,18.202265,37.079998,25.21
2024-09-30,51,Gerimis Ringan,36.0,24.3,29.67708,65.69171,0.1,1.0,20.620806,39.96,23.95
2024-10-01,3,Mendung,37.0,24.8,30.397917,59.933567,0.0,0.0,21.485697,41.760002,25.34
2024-10-02,51,Gerimis Ringan,36.65,24.2,29.935417,62.547237,0.4,3.0,17.441433,34.92,23.48
2024-10-03,3,Mendung,36.1,25.0,30.089584,62.242603,0.0,0.0,19.619999,39.96,23.67
2024-10-04,55,Gerimis Lebat,36.85,24.8,29.660416,65.624596,2.0,5.0,13.022349,28.08,24.38
2024-10-05,55,Gerimis Lebat,36.55,24.6,29.925001,65.91494,1.4000001,4.0,18.204933,33.48,23.94
2024-10-06,2,Berawan,36.65,24.95,29.995834,63.53951,0.0,0.0,18.252037,36.36,24.77
2024-10-07,3,Mendung,36.3,24.05,29.945831,62.406906,0.0,0.0,19.023027,39.6,25.0
2024-10-08,51,Gerimis Ringan,36.85,25.05,30.289583,61.32695,0.1,1.0,20.345573,38.88,25.45
2024-10-09,51,Gerimis Ringan,36.65,25.35,30.545832,60.95309,0.1,1.0,20.180079,41.039997,24.76
2024-10-10,3,Mendung,37.45,24.7,30.462503,61.26531,0.0,0.0,21.566975,43.92,25.62
2024-10-11,53,Gerimis Sedang,37.3,24.9,30.410418,61.696747,1.2,2.0,25.970573,49.32,24.22
2024-10-12,3,Mendung,36.55,25.8,31.022919,59.591965,0.0,0.0,20.364674,41.399998,24.45
2024-10-13,63,Hujan Sedang,38.05,24.5,30.795837,63.558167,5.6,4.0,19.164719,38.519997,24.74
2024-10-14,55,Gerimis Lebat,37.55,24.7,30.477083,65.04686,1.2,1.0,14.003029,30.599998,25.53
2024-10-15,51,Gerimis Ringan,36.0,25.9,30.335413,64.068,0.3,1.0,11.521406,23.039999,21.86
2024-10-16,51,Gerimis Ringan,37.1,24.6,30.297918,50.74789,0.1,1.0,12.362475,23.039999,24.55
2024-10-17,51,Gerimis Ringan,36.55,24.55,30.177078,51.93344,0.3,1.0,16.10472,29.519999,25.16
2024-10-18,61,Hujan Ringan,36.4,24.55,29.724998,58.880276,2.0,5.0,12.972494,23.039999,23.84
2024-10-19,51,Gerimis Ringan,35.4,24.6,29.243746,67.6492,2.1000001,9.0,18.080818,33.12,24.55
2024-10-20,65,Hujan Lebat,32.85,23.9,27.183332,80.46138,17.900002,13.0,14.634343,28.8,22.12
2024-10-21,65,Hujan Lebat,33.1,24.45,27.42083,78.86427,22.2,10.0,15.629971,30.239998,20.23
2024-10-22,53,Gerimis Sedang,34.1,24.35,28.5625,73.54174,1.1,4.0,11.755254,22.319998,21.26
2024-10-23,51,Gerimis Ringan,34.3,24.65,28.987501,70.23412,0.70000005,3.0,9.36,19.08,22.75
2024-10-24,51,Gerimis Ringan,33.75,24.75,28.485418,72.04065,0.5,2.0,13.70839,28.44,20.8
2024-10-25,51,Gerimis Ringan,35.4,23.95,29.156252,68.15757,0.4,1.0,10.825469,20.880001,24.79
2024-10-26,51,Gerimis Ringan,35.8,24.7,29.683332,64.08384,0.2,2.0,12.061343,24.119999,25.02
2024-10-27,2,Berawan,36.7,24.6,30.222918,64.25338,0.0,0.0,8.805294,21.599998,25.56
2024-10-28,51,Gerimis Ringan,36.5,25.35,30.229166,65.596596,0.4,1.0,11.995349,22.68,25.26
2024-10-29,51,Gerimis Ringan,36.95,25.6,30.535414,62.56194,0.5,3.0,21.068459,38.88,25.59
2024-10-30,3,Mendung,36.8,25.0,30.341667,63.03934,0.0,0.0,17.194475,33.839996,24.68
2024-10-31,61,Hujan Ringan,35.55,25.2,29.764585,70.14204,4.3,5.0,12.325728,27.0,20.82
2024-11-01,63,Hujan Sedang,31.5,24.55,27.199999,82.27613,10.999999,17.0,11.928989,27.0,12.38
2024-11-02,63,Hujan Sedang,32.2,24.8,28.085417,80.71738,6.6999993,11.0,12.835653,27.359999,19.62
2024-11-03,63,Hujan Sedang,32.4,24.4,27.583334,81.661095,17.1,14.0,13.783817,29.16,20.74
2024-11-04,63,Hujan Sedang,31.65,24.9,27.699999,81.21093,12.4,12.0,13.5515,28.8,18.72
2024-11-05,3,Mendung,33.25,24.5,28.641668,75.34116,0.0,0.0,16.10472,31.319998,24.39
2024-11-06,51,Gerimis Ringan,32.65,24.4,28.370832,74.82978,0.3,2.0,13.864674,29.88,23.82
2024-11-07,51,Gerimis Ringan,33.65,23.1,28.714584,71.67605,0.5,3.0,11.672275,23.039999,25.2
2024-11-08,63,Hujan Sedang,34.05,24.7,28.40625,77.0644,13.7,10.0,15.676542,31.68,22.76
2024-11-09,55,Gerimis Lebat,33.05,25.25,27.820833,83.14446,3.5999997,12.0,14.707222,31.68,17.03
2024-11-10,61,Hujan Ringan,32.1,24.5,27.789581,82.049644,3.8999999,8.0,12.768586,28.44,19.99
2024-11-11,63,Hujan Sedang,32.4,24.65,27.662498,82.56585,9.2,12.0,18.610641,36.36,22.19
2024-11-12,61,Hujan Ringan,33.25,23.8,28.281244,78.99877,3.3000002,7.0,15.771329,32.760002,23.55
2024-11-13,53,Gerimis Sedang,33.55,24.4,28.637499,78.043884,1.6000001,7.0,12.815443,32.039997,23.15
2024-11-14,53,Gerimis Sedang,34.55,24.3,29.172918,73.83166,2.1000001,7.0,9.761578,27.72,24.02
2024-11-15,55,Gerimis Lebat,35.15,24.8,29.339584,74.177795,2.8999999,6.0,12.601285,30.960001,23.1
2024-11-16,63,Hujan Sedang,32.7,24.85,28.262503,81.240234,15.9,14.0,10.626099,27.0,18.39
2024-11-17,63,Hujan Sedang,34.6,24.4,28.602081,77.57621,7.2999997,10.0,13.363711,33.48,22.84
2024-11-18,63,Hujan Sedang,35.0,24.0,28.300001,79.31483,7.8,8.0,12.768586,33.48,22.64
2024-11-19,61,Hujan Ringan,33.75,24.65,27.70833,82.713524,8.6,16.0,12.229406,29.88,19.32
2024-11-20,63,Hujan Sedang,33.8,24.5,27.891665,82.8547,9.2,10.0,10.946013,26.28,19.22
2024-11-21,63,Hujan Sedang,34.1,24.3,28.050001,82.58073,12.600001,9.0,8.731392,25.199999,19.47
2024-11-22,63,Hujan Sedang,33.35,24.95,27.720835,84.72483,12.800001,11.0,17.183167,38.16,18.72
2024-11-23,63,Hujan Sedang,33.55,25.0,27.904167,83.425316,6.9999995,11.0,12.337553,29.519999,18.34
2024-11-24,63,Hujan Sedang,31.7,24.95,27.322916,84.84704,20.300001,14.0,10.32924,25.56,15.98
2024-11-25,61,Hujan Ringan,33.5,24.5,27.745836,83.76931,4.899999,11.0,11.5199995,25.199999,19.0
2024-11-26,63,Hujan Sedang,33.95,24.3,28.164583,81.42688,7.5,10.0,10.966713,27.0,19.18
2024-11-27,63,Hujan Sedang,34.3,24.7,28.047915,83.45453,26.2,13.0,11.952054,30.599998,19.17
2024-11-28,65,Hujan Lebat,33.35,24.6,27.537498,84.67044,31.200003,14.0,22.180935,48.6,17.49
2024-11-29,65,Hujan Lebat,32.6,24.55,27.777084,83.07705,13.299999,3.0,21.857958,44.28,17.86
2024-11-30,65,Hujan Lebat,31.3,24.6,27.40417,83.826904,22.1,9.0,20.051224,41.399998,17.84
2024-12-01,65,Hujan Lebat,31.45,24.85,27.218748,85.25473,29.0,11.0,13.327294,27.72,14.19
2024-12-02,65,Hujan Lebat,30.75,24.3,26.516668,90.04797,31.699999,17.0,11.465024,28.08,13.81
2024-12-03,63,Hujan Sedang,33.9,24.45,27.816668,80.463615,5.9,9.0,13.31635,26.64,22.56
2024-12-04,63,Hujan Sedang,31.35,24.25,27.016665,85.75414,19.1,8.0,7.0934615,19.8,15.01
2024-12-05,63,Hujan Sedang,32.95,25.15,27.237501,85.04002,19.6,10.0,12.241323,28.8,18.1
2024-12-06,63,Hujan Sedang,27.2,24.2,25.120836,94.20977,25.700003,22.0,10.934166,23.759998,6.08
2024-12-07,63,Hujan Sedang,31.6,24.2,26.981253,84.174,6.2,6.0,13.845967,32.399998,20.89
2024-12-08,65,Hujan Lebat,31.4,24.55,27.068754,87.81744,18.6,10.0,14.154915,34.92,16.14
2024-12-09,65,Hujan Lebat,30.8,24.9,26.504168,87.03967,31.100002,13.0,17.179394,34.92,14.8
2024-12-10,63,Hujan Sedang,32.15,24.35,26.897917,87.746284,23.9,15.0,14.275713,47.88,18.14
2024-12-11,65,Hujan Lebat,31.8,24.35,26.479166,87.86068,25.800001,16.0,17.71789,37.8,16.85
2024-12-12,63,Hujan Sedang,31.05,24.45,26.43542,89.27191,11.500001,13.0,11.594292,27.0,14.07
2024-12-13,63,Hujan Sedang,31.25,23.65,26.839579,85.093575,12.4,10.0,10.814989,24.84,17.54
2024-12-14,65,Hujan Lebat,29.0,24.1,25.877085,91.166725,48.29999,24.0,13.451914,30.599998,9.84
2024-12-15,65,Hujan Lebat,30.05,24.55,26.564583,89.59192,36.199997,14.0,12.399113,26.64,15.11
2024-12-16,63,Hujan Sedang,28.4,24.35,26.039583,91.94604,27.7,19.0,10.6261,23.039999,7.2
2024-12-17,65,Hujan Lebat,30.3,24.1,26.297913,90.34371,23.100002,19.0,10.239453,27.0,13.5
2024-12-18,65,Hujan Lebat,30.4,24.45,26.945831,86.27585,15.9,5.0,15.236338,35.28,17.2
2024-12-19,53,Gerimis Sedang,32.2,23.4,27.779165,79.5117,1.1,5.0,16.923828,36.0,24.04
2024-12-20,65,Hujan Lebat,32.0,25.8,27.856253,82.50727,13.600001,7.0,16.997375,36.36,19.69
2024-12-21,65,Hujan Lebat,31.85,25.4,27.262499,85.67157,16.1,10.0,14.178927,36.36,16.61
2024-12-22,65,Hujan Lebat,31.8,24.8,26.637503,88.337006,19.800001,11.0,12.007498,27.72,15.93
2024-12-23,63,Hujan Sedang,32.45,23.95,26.747915,87.48895,17.900002,11.0,11.53265,27.0,20.85
2024-12-24,63,Hujan Sedang,32.25,24.5,26.637499,86.70992,23.100002,14.0,18.466455,37.44,20.75
2024-12-25,63,Hujan Sedang,31.15,24.45,26.552084,87.8143,12.500001,9.0,12.0653715,30.960001,15.72
2024-12-26,65,Hujan Lebat,30.7,24.3,26.504166,89.46244,53.000004,18.0,12.383424,33.48,15.65
2024-12-27,63,Hujan Sedang,31.15,24.55,27.708336,83.69985,8.3,4.0,15.316933,34.92,20.09
2024-12-28,65,Hujan Lebat,30.6,25.45,27.170837,84.42122,23.000002,11.0,14.677452,39.239998,17.32
2024-12-29,51,Gerimis Ringan,28.8,24.75,26.379164,87.79029,2.5999997,14.0,13.943901,29.16,12.09
2024-12-30,65,Hujan Lebat,31.45,23.65,26.535418,86.54775,18.8,7.0,14.113652,31.319998,20.28
2024-12-31,63,Hujan Sedang,30.9,24.45,26.752085,87.83393,11.700001,13.0,14.440443,35.64,16.53
2025-01-01,63,Hujan Sedang,29.05,24.35,25.883333,90.99172,23.099998,23.0,10.874742,30.239998,10.4
2025-01-02,63,Hujan Sedang,28.9,24.1,25.691668,91.36843,15.199999,18.0,10.261579,25.56,11.03
2025-01-03,53,Gerimis Sedang,31.55,23.6,27.13958,82.656685,0.8,1.0,12.785069,27.72,21.75
2025-01-04,65,Hujan Lebat,30.9,23.05,26.445833,84.611435,21.8,7.0,12.313894,26.64,20.89
2025-01-05,65,Hujan Lebat,30.65,23.9,26.129168,88.24302,23.5,13.0,14.336861,30.239998,17.98
2025-01-06,63,Hujan Sedang,29.95,23.15,25.747917,90.0725,21.1,18.0,10.548061,27.359999,15.6
2025-01-07,65,Hujan Lebat,30.45,23.5,26.245836,88.320015,27.500002,15.0,10.365251,23.759998,17.59
2025-01-08,65,Hujan Lebat,29.4,23.85,26.27083,88.6965,18.800001,12.0,18.584509,40.32,16.86
2025-01-09,63,Hujan Sedang,31.4,23.85,27.060411,85.59928,6.1999993,6.0,11.928989,34.92,21.05
2025-01-10,65,Hujan Lebat,31.5,24.7,27.156248,85.20263,16.300001,7.0,12.936228,32.039997,18.72
2025-01-11,65,Hujan Lebat,31.55,24.9,26.791666,85.959114,21.900002,13.0,12.57426,27.0,18.18
2025-01-12,65,Hujan Lebat,30.4,24.35,26.20833,89.56384,41.3,13.0,11.440978,28.08,13.48
2025-01-13,63,Hujan Sedang,30.75,24.05,26.300001,88.925835,16.600002,13.0,7.7734165,23.759998,18.1
2025-01-14,63,Hujan Sedang,30.8,23.8,26.354164,88.44269,25.000002,14.0,12.033103,25.919998,18.3
2025-01-15,63,Hujan Sedang,30.15,23.4,26.560415,87.43512,12.5,11.0,10.805999,19.8,17.94
2025-01-16,63,Hujan Sedang,30.2,23.55,26.47917,88.40232,9.6,13.0,14.81915,30.239998,18.51
2025-01-17,63,Hujan Sedang,31.25,24.55,26.741669,88.523926,15.0,8.0,15.413928,34.2,20.97
2025-01-18,65,Hujan Lebat,30.15,24.6,26.560417,88.34933,19.4,9.0,14.978984,33.839996,15.4
2025-01-19,63,Hujan Sedang,31.15,23.85,26.879166,86.21215,10.100001,11.0,13.6063795,32.039997,19.92
2025-01-20,65,Hujan Lebat,30.2,24.6,25.991667,91.622765,33.0,20.0,16.23596,37.8,10.75
2025-01-21,65,Hujan Lebat,30.75,24.4,25.981253,90.69119,32.999996,20.0,11.753876,28.08,13.52
2025-01-22,65,Hujan Lebat,30.3,24.3,26.272913,89.47283,19.800003,13.0,9.743304,21.599998,13.82
2025-01-23,61,Hujan Ringan,28.5,24.6,25.852081,91.06565,6.2999997,14.0,7.4672885,19.08,9.98
2025-01-24,65,Hujan Lebat,31.8,23.15,26.35,86.3915,16.4,7.0,9.375563,27.72,19.79
2025-01-25,63,Hujan Sedang,31.65,23.85,26.908333,87.6171,9.7,9.0,8.65873,21.599998,21.12
2025-01-26,63,Hujan Sedang,31.5,24.15,26.554161,88.41992,19.300001,17.0,14.848635,27.0,17.45
2025-01-27,63,Hujan Sedang,28.75,24.15,25.741667,91.59907,14.900001,19.0,12.800265,28.08,11.37
2025-01-28,63,Hujan Sedang,30.25,23.9,26.06042,88.03168,8.0,7.0,16.671148,33.48,14.84
2025-01-29,63,Hujan Sedang,28.3,23.7,25.556252,90.96,18.1,15.0,14.233664,40.68,13.68
2025-01-30,61,Hujan Ringan,27.05,23.9,24.979166,92.053185,15.400002,20.0,21.915693,51.48,8.84
2025-01-31,55,Gerimis Lebat,28.75,23.75,25.837502,90.32136,3.3000002,9.0,16.616642,36.719997,9.68
2025-02-01,53,Gerimis Sedang,29.7,23.85,26.637503,84.88249,1.7000002,8.0,20.118975,43.199997,18.34
2025-02-02,63,Hujan Sedang,29.95,23.55,26.279167,87.15377,5.7,8.0,19.88328,39.96,17.01
2025-02-03,53,Gerimis Sedang,30.65,23.9,26.854164,87.08253,3.8999999,10.0,19.987295,45.36,18.42
2025-02-04,63,Hujan Sedang,30.5,24.25,26.695833,86.77996,12.799999,14.0,21.01071,43.199997,20.8
2025-02-05,63,Hujan Sedang,30.5,23.55,26.341667,88.37548,14.400001,14.0,23.018898,48.239998,21.28
2025-02-06,63,Hujan Sedang,29.55,23.95,26.33333,87.94892,13.099999,12.0,23.006226,53.639996,20.38
2025-02-07,65,Hujan Lebat,30.5,24.1,26.366663,88.04257,11.200002,12.0,15.941944,35.28,16.87
2025-02-08,63,Hujan Sedang,30.6,24.7,26.670832,86.27837,10.8,7.0,21.459291,42.12,19.89
2025-02-09,65,Hujan Lebat,31.7,23.9,26.599998,85.9708,21.7,9.0,21.246862,43.199997,20.83
2025-02-10,63,Hujan Sedang,29.9,24.6,26.43125,86.40162,22.400002,9.0,23.233948,46.079998,19.34
2025-02-11,63,Hujan Sedang,30.8,24.35,27.033335,83.945885,19.1,7.0,18.000898,40.68,20.96
2025-02-12,53,Gerimis Sedang,31.15,24.2,27.356253,80.60223,0.8,2.0,15.815435,32.039997,22.24
2025-02-13,63,Hujan Sedang,31.3,24.6,26.633333,86.70605,17.1,11.0,13.776763,33.48,20.3
2025-02-14,61,Hujan Ringan,30.45,23.9,26.64167,87.387184,6.8999996,9.0,15.6806755,34.92,21.38
2025-02-15,63,Hujan Sedang,31.5,23.25,26.552084,86.70456,12.299999,10.0,14.028457,36.0,22.02
2025-02-16,51,Gerimis Ringan,32.2,23.3,27.016668,85.98407,0.70000005,4.0,16.16496,34.2,23.64
2025-02-17,65,Hujan Lebat,31.05,23.3,25.989586,88.10406,32.1,14.0,15.995712,35.64,20.07
2025-02-18,63,Hujan Sedang,30.65,23.5,26.114586,87.55618,11.2,13.0,9.6932955,22.319998,17.62
2025-02-19,65,Hujan Lebat,31.6,23.1,26.414583,86.2924,13.200001,7.0,10.261578,25.919998,21.83
2025-02-20,63,Hujan Sedang,30.2,23.9,26.63542,85.050224,7.7999997,7.0,13.18308,29.88,18.6
2025-02-21,65,Hujan Lebat,31.45,24.5,26.6875,87.191185,12.000001,10.0,10.83893,30.599998,18.54
2025-02-22,65,Hujan Lebat,31.0,23.65,26.110415,89.21534,19.700003,12.0,12.429127,27.0,15.45
2025-02-23,63,Hujan Sedang,28.05,23.55,25.34375,91.414986,24.000002,22.0,14.021525,29.519999,10.75
2025-02-24,65,Hujan Lebat,29.9,23.65,25.270834,91.5332,31.9,21.0,16.701244,35.64,13.89
2025-02-25,65,Hujan Lebat,30.8,23.25,25.74375,89.445526,20.099998,13.0,9.499157,29.519999,18.95
2025-02-26,65,Hujan Lebat,29.45,23.1,25.585417,90.63238,18.7,11.0,9.4238205,30.239998,14.36
2025-02-27,63,Hujan Sedang,31.2,23.55,26.45417,87.396706,12.3,9.0,9.9587345,23.4,21.09
2025-02-28,65,Hujan Lebat,31.6,23.55,26.252083,88.165565,22.699999,15.0,15.156386,34.2,18.74
2025-03-01,63,Hujan Sedang,32.3,23.5,27.25625,84.540215,4.1,7.0,7.491114,20.519999,23.86
2025-03-02,53,Gerimis Sedang,32.3,24.25,27.779167,83.31147,1.7,8.0,9.4238205,21.24,22.67
2025-03-03,55,Gerimis Lebat,32.55,24.45,27.681252,84.05802,1.6,6.0,11.440979,26.28,23.1
2025-03-04,63,Hujan Sedang,31.65,23.9,27.266668,83.28309,3.8999999,8.0,11.282711,27.359999,22.89
2025-03-05,55,Gerimis Lebat,32.65,24.0,28.054167,82.368324,2.4,5.0,9.505977,23.039999,23.66
2025-03-06,65,Hujan Lebat,32.55,24.9,27.352081,86.18749,21.199999,14.0,12.015589,25.199999,18.21
2025-03-07,65,Hujan Lebat,32.0,24.1,26.425003,88.30648,26.4,16.0,10.337078,23.759998,19.06
2025-03-08,65,Hujan Lebat,31.5,23.8,26.377083,88.15479,37.199993,14.0,11.620809,26.64,19.5
2025-03-09,65,Hujan Lebat,29.95,24.0,26.452082,87.856895,21.700003,18.0,13.552696,29.519999,14.98
2025-03-10,65,Hujan Lebat,28.8,23.75,25.581253,92.56507,36.799995,17.0,13.523978,31.319998,10.2
2025-03-11,51,Gerimis Ringan,32.3,24.3,27.783333,82.562584,0.2,2.0,10.04458,23.039999,22.34
2025-03-12,63,Hujan Sedang,32.55,24.2,27.437498,83.639534,20.3,6.0,10.234705,28.08,22.36
2025-03-13,63,Hujan Sedang,31.85,23.95,27.191666,85.81174,10.4,8.0,9.703319,26.64,20.82
2025-03-14,65,Hujan Lebat,31.25,24.25,26.300003,89.75739,21.300001,9.0,14.292725,29.16,13.67
2025-03-15,63,Hujan Sedang,31.25,24.2,26.374998,88.60581,10.9,12.0,14.039999,32.039997,15.17
2025-03-16,63,Hujan Sedang,31.8,23.6,26.29583,87.67216,15.100002,16.0,11.119281,24.84,18.15
2025-03-17,65,Hujan Lebat,30.45,24.5,26.127083,89.16028,32.399998,20.0,15.94804,34.2,15.11
2025-03-18,63,Hujan Sedang,31.05,24.3,26.645834,86.941124,16.4,10.0,15.743569,37.44,18.44
2025-03-19,63,Hujan Sedang,30.85,24.35,26.870834,83.12179,14.1,8.0,18.9,38.519997,18.65
2025-03-20,65,Hujan Lebat,32.55,24.1,27.291664,81.61727,10.1,4.0,13.954354,32.760002,23.18
2025-03-21,63,Hujan Sedang,32.25,24.85,27.606249,82.438095,4.4,5.0,19.14865,39.239998,23.44
2025-03-22,65,Hujan Lebat,30.8,24.55,26.241667,88.309044,32.8,14.0,18.417263,38.519997,14.16
2025-03-23,51,Gerimis Ringan,31.2,23.65,26.85417,84.95829,1.1000001,7.0,15.30741,33.839996,17.29
2025-03-24,63,Hujan Sedang,30.1,24.5,27.025002,85.70693,15.099999,11.0,19.944292,47.16,18.04
2025-03-25,63,Hujan Sedang,31.6,24.9,27.647917,83.71859,7.6,8.0,17.870834,41.399998,20.65
2025-03-26,65,Hujan Lebat,31.6,24.65,27.627085,83.86823,19.5,10.0,17.673029,36.0,20.38
2025-03-27,65,Hujan Lebat,31.7,24.15,26.835417,87.8527,14.200001,6.0,12.69351,28.08,17.65
2025-03-28,65,Hujan Lebat,31.15,24.25,26.737501,87.93054,34.5,15.0,10.920824,26.28,16.78
2025-03-29,63,Hujan Sedang,31.45,24.45,26.722916,87.38101,27.199999,15.0,13.845967,32.399998,18.75
2025-03-30,61,Hujan Ringan,31.75,24.05,26.931252,85.14304,5.1,8.0,15.338071,30.960001,16.73
2025-03-31,55,Gerimis Lebat,32.7,24.45,27.24792,84.666664,3.3,8.0,12.168319,25.919998,22.31
2025-04-01,63,Hujan Sedang,32.15,23.85,26.454165,87.35337,13.400001,9.0,12.638512,28.44,19.72
2025-04-02,65,Hujan Lebat,31.9,23.55,26.179167,87.80234,39.699993,14.0,10.855358,26.64,19.75
2025-04-03,65,Hujan Lebat,31.85,23.25,26.15,88.4177,18.600002,11.0,12.638512,27.0,17.76
2025-04-04,61,Hujan Ringan,31.8,23.4,26.785418,84.55182,5.6,10.0,10.075177,21.96,21.52
2025-04-05,61,Hujan Ringan,30.6,23.55,26.350004,87.52222,3.0,6.0,10.464798,22.319998,18.13
2025-04-06,51,Gerimis Ringan,32.25,23.4,27.541666,80.13113,0.1,1.0,9.7565975,19.44,22.65
2025-04-07,51,Gerimis Ringan,31.75,23.55,27.539583,80.47898,0.90000004,5.0,7.3997297,19.08,21.77
2025-04-08,61,Hujan Ringan,31.95,23.4,27.210419,83.78849,4.2999997,10.0,7.989242,19.08,21.77
2025-04-09,61,Hujan Ringan,32.25,23.85,27.699997,81.4192,1.9,4.0,10.97262,24.48,22.15
2025-04-10,65,Hujan Lebat,30.45,24.7,27.314583,86.0827,16.4,11.0,9.224011,24.84,18.39
2025-04-11,65,Hujan Lebat,31.5,24.3,26.718748,87.84699,22.700003,9.0,10.564942,23.039999,15.88
2025-04-12,61,Hujan Ringan,31.05,23.75,27.141665,84.55906,3.6,9.0,12.632101,28.44,20.89
2025-04-13,63,Hujan Sedang,32.0,23.55,27.056252,84.84756,6.1,6.0,8.821836,22.68,21.83
2025-04-14,65,Hujan Lebat,30.8,24.15,26.818748,87.24493,19.2,12.0,11.634741,30.960001,17.95
2025-04-15,63,Hujan Sedang,31.2,24.45,27.15,85.56308,12.700001,13.0,9.208192,24.84,17.88
2025-04-16,63,Hujan Sedang,32.1,24.15,27.283335,84.68973,6.6,9.0,11.016824,24.84,19.47
2025-04-17,63,Hujan Sedang,29.6,24.55,26.237503,90.45817,16.7,15.0,9.346143,24.119999,11.4
2025-04-18,65,Hujan Lebat,29.55,24.15,26.043749,90.90848,28.5,15.0,11.13384,29.519999,11.87
2025-04-19,63,Hujan Sedang,31.75,24.3,27.104166,86.780266,8.099999,7.0,11.038858,22.68,19.42
2025-04-20,65,Hujan Lebat,31.05,23.85,26.772919,88.1757,11.700001,14.0,12.061341,32.399998,17.24
2025-04-21,61,Hujan Ringan,31.45,23.95,26.937498,86.703094,7.9,7.0,8.891344,24.119999,17.8
2025-04-22,53,Gerimis Sedang,32.15,23.8,26.616667,85.704185,1.5,7.0,9.734988,20.16,19.53
2025-04-23,53,Gerimis Sedang,32.0,23.65,27.195833,82.877205,2.1,8.0,7.3799996,18.359999,21.31
2025-04-24,53,Gerimis Sedang,32.05,23.4,27.420835,82.60247,1.4,5.0,8.099999,20.880001,20.69
2025-04-25,61,Hujan Ringan,31.75,24.1,27.214579,83.62956,3.8999999,5.0,13.070776,22.319998,18.37
2025-04-26,61,Hujan Ringan,31.5,23.5,26.847918,84.18707,2.6,6.0,10.495713,23.039999,21.07
2025-04-27,55,Gerimis Lebat,31.25,23.55,27.045835,83.21244,3.5000002,12.0,6.873078,19.8,20.82
2025-04-28,3,Mendung,32.2,23.05,27.125002,79.84319,0.0,0.0,9.676569,24.84,21.34
2025-04-29,3,Mendung,32.5,22.9,27.335417,74.89739,0.0,0.0,6.5024605,16.56,22.4
2025-04-30,51,Gerimis Ringan,32.3,22.75,27.358332,75.87311,0.1,1.0,8.274128,17.28,22.21
2025-05-01,51,Gerimis Ringan,32.4,23.25,27.456245,79.690895,0.1,1.0,10.609316,24.119999,20.57
2025-05-02,63,Hujan Sedang,30.85,25.05,26.987503,83.88839,8.6,10.0,12.860871,28.8,16.21
2025-05-03,51,Gerimis Ringan,32.45,23.85,27.577085,81.27983,0.5,2.0,10.094454,23.759998,17.99
2025-05-04,61,Hujan Ringan,31.35,25.0,27.472918,83.50398,5.3999996,9.0,11.098865,32.760002,19.51
2025-05-05,63,Hujan Sedang,32.45,24.1,27.539587,84.039406,8.400001,4.0,9.703319,22.68,19.25
2025-05-06,63,Hujan Sedang,32.55,24.3,27.112503,85.55773,8.300001,7.0,13.246826,26.28,17.94
2025-05-07,63,Hujan Sedang,32.45,24.0,27.020834,86.755714,7.8999996,8.0,9.252069,22.68,16.69
2025-05-08,61,Hujan Ringan,31.15,24.45,27.006243,88.924194,6.7999997,11.0,9.9408245,22.68,16.57
2025-05-09,65,Hujan Lebat,30.9,24.5,26.647917,88.343346,15.900001,15.0,13.954354,30.239998,13.78
2025-05-10,63,Hujan Sedang,31.9,24.05,27.022913,86.48789,7.2,7.0,8.139901,21.24,18.33
2025-05-11,65,Hujan Lebat,31.15,24.05,26.195837,90.25356,29.700003,17.0,10.694485,22.319998,16.47
2025-05-12,65,Hujan Lebat,30.55,24.1,25.933334,92.12146,25.000004,15.0,9.107359,27.0,12.44
2025-05-13,63,Hujan Sedang,29.4,23.85,26.127089,89.67506,10.1,11.0,12.267762,27.359999,14.94
2025-05-14,63,Hujan Sedang,29.75,23.95,26.34375,89.86605,11.6,10.0,11.35285,26.64,16.49
2025-05-15,63,Hujan Sedang,30.3,23.9,26.679169,88.56848,18.900002,15.0,12.061341,26.64,16.47
2025-05-16,63,Hujan Sedang,29.1,24.1,26.425003,89.48795,18.3,17.0,10.272623,24.48,12.86
2025-05-17,65,Hujan Lebat,30.4,24.1,26.099997,89.720604,22.500006,24.0,12.24,28.08,14.77
2025-05-18,63,Hujan Sedang,30.65,23.8,26.420837,90.12894,5.7999997,10.0,10.387107,23.039999,16.05
2025-05-19,63,Hujan Sedang,31.35,24.75,26.445833,89.0145,10.6,14.0,11.298495,31.68,14.1
2025-05-20,51,Gerimis Ringan,31.3,23.2,27.106249,84.77132,0.2,2.0,8.55142,19.44,17.37
2025-05-21,53,Gerimis Sedang,31.4,24.0,27.312498,84.922615,4.5,11.0,8.29173,20.519999,18.89
2025-05-22,63,Hujan Sedang,31.55,23.75,26.752085,86.821625,5.5,4.0,11.837651,25.919998,17.24
2025-05-23,65,Hujan Lebat,28.85,24.05,25.518751,91.46735,22.2,19.0,12.172312,27.0,11.92
2025-05-24,61,Hujan Ringan,30.1,24.55,26.774996,88.28751,3.3000002,11.0,10.98,25.56,16.11
2025-05-25,53,Gerimis Sedang,30.65,24.25,27.247917,86.74918,2.5,12.0,7.458606,25.199999,16.8
2025-05-26,63,Hujan Sedang,28.45,23.75,26.029167,91.67446,14.5,11.0,14.092978,31.319998,9.74
2025-05-27,53,Gerimis Sedang,30.0,23.85,26.643747,88.43261,1.1,3.0,10.597094,29.519999,13.38
2025-05-28,63,Hujan Sedang,31.5,24.6,27.231247,87.96331,4.1,8.0,12.673074,25.56,16.64
2025-05-29,61,Hujan Ringan,32.7,24.3,28.208336,82.48411,2.2,2.0,8.6867485,15.84,19.6
2025-05-30,51,Gerimis Ringan,32.3,24.15,28.037498,82.874855,0.2,1.0,5.9427266,14.759999,19.29
2025-05-31,63,Hujan Sedang,31.9,24.05,27.181246,86.3839,17.099998,10.0,11.384199,27.359999,17.64
2025-06-01,55,Gerimis Lebat,30.75,23.75,26.600004,86.269554,3.5,8.0,9.044888,19.44,13.55
2025-06-02,51,Gerimis Ringan,30.9,23.85,27.175003,85.20788,0.3,3.0,9.102021,18.72,17.54
2025-06-03,51,Gerimis Ringan,31.95,24.6,27.662498,83.52328,0.5,4.0,12.413477,25.919998,18.79
2025-06-04,51,Gerimis Ringan,31.7,24.05,27.387499,83.331535,0.1,1.0,7.928177,21.96,18.91
2025-06-05,63,Hujan Sedang,31.65,23.7,26.72083,85.75158,4.2,3.0,13.040997,26.64,18.71
2025-06-06,51,Gerimis Ringan,32.0,22.5,27.187498,77.529526,0.2,2.0,7.208994,16.919998,20.14
2025-06-07,3,Mendung,32.55,23.1,27.566666,78.0682,0.0,0.0,8.490582,18.0,20.15
2025-06-08,63,Hujan Sedang,32.25,23.6,26.754166,85.062996,10.0,7.0,11.844492,25.199999,17.61
2025-06-09,55,Gerimis Lebat,30.25,23.85,26.172918,88.56361,2.2,6.0,9.354806,24.119999,14.76
2025-06-10,53,Gerimis Sedang,30.85,23.4,26.31458,86.61502,1.2,5.0,9.82114,29.88,16.87
2025-06-11,51,Gerimis Ringan,31.5,23.7,26.829165,83.33284,0.5,3.0,14.041154,28.08,19.06
2025-06-12,3,Mendung,32.25,22.6,27.058334,77.09404,0.0,0.0,14.668619,31.319998,21.04
2025-06-13,55,Gerimis Lebat,31.55,23.75,26.770836,83.06245,2.8999999,7.0,13.493999,29.88,15.89
2025-06-14,65,Hujan Lebat,31.2,23.7,26.108332,89.90872,18.000002,8.0,15.891054,33.48,16.09
2025-06-15,63,Hujan Sedang,31.0,23.9,27.245834,85.92715,5.3999996,7.0,11.712455,27.359999,17.61
2025-06-16,63,Hujan Sedang,30.95,23.85,27.147919,85.228584,6.7,11.0,11.844492,26.28,18.8
2025-06-17,53,Gerimis Sedang,31.0,23.5,26.629168,85.11884,1.8000002,8.0,11.276968,24.119999,16.93
2025-06-18,51,Gerimis Ringan,30.9,23.25,26.847918,81.43081,0.4,4.0,5.48631,16.919998,18.95
2025-06-19,3,Mendung,30.95,22.6,26.552086,73.7353,0.0,0.0,6.8612823,17.28,18.01
2025-06-20,53,Gerimis Sedang,28.35,23.45,25.602081,81.47371,0.70000005,3.0,7.040739,17.64,9.17
2025-06-21,51,Gerimis Ringan,31.65,23.3,26.762499,83.49529,1.0,5.0,7.0107627,20.16,17.69
2025-06-22,61,Hujan Ringan,30.35,23.6,26.325003,84.8068,6.0999994,11.0,14.248452,33.48,15.7
2025-06-23,2,Berawan,32.05,22.85,26.997917,76.69547,0.0,0.0,10.805999,23.039999,20.27
2025-06-24,51,Gerimis Ringan,31.05,22.2,26.472916,78.45406,0.4,4.0,8.707238,18.0,16.69
2025-06-25,51,Gerimis Ringan,31.9,23.1,26.714584,78.93382,0.5,3.0,8.311245,19.8,15.18
2025-06-26,3,Mendung,31.95,23.5,27.277086,77.43064,0.0,0.0,12.346741,28.08,17.67
2025-06-27,53,Gerimis Sedang,32.6,23.5,27.377085,79.64301,1.5,4.0,16.144905,36.0,18.98
2025-06-28,61,Hujan Ringan,31.3,23.2,26.397913,83.01513,3.8999996,8.0,7.69592,27.0,17.78
2025-06-29,51,Gerimis Ringan,31.5,22.55,26.706251,80.13462,0.1,1.0,11.431063,27.0,16.85
2025-06-30,51,Gerimis Ringan,30.95,23.0,26.972918,77.84333,1.0000001,7.0,15.351793,32.399998,18.1
2025-07-01,51,Gerimis Ringan,32.6,23.0,27.368752,78.23725,0.5,4.0,11.276967,25.199999,19.57
2025-07-02,3,Mendung,33.0,23.05,27.816668,75.822655,0.0,0.0,11.734564,25.919998,20.04
2025-07-03,63,Hujan Sedang,31.6,23.8,26.672915,82.619026,6.7,10.0,13.259049,29.16,16.74
2025-07-04,63,Hujan Sedang,31.9,22.85,26.18125,84.80214,7.4,4.0,6.6087217,20.16,18.63
2025-07-05,53,Gerimis Sedang,31.75,22.2,26.045832,81.84122,1.3000001,3.0,13.833091,29.16,17.21
2025-07-06,65,Hujan Lebat,30.55,23.65,25.614584,86.71652,12.299999,11.0,12.535549,30.599998,13.98
2025-07-07,61,Hujan Ringan,31.6,22.4,25.999998,84.3148,4.3,5.0,16.348322,32.039997,17.21
2025-07-08,51,Gerimis Ringan,31.75,22.8,26.897917,76.990685,0.1,1.0,13.00243,28.8,19.34
2025-07-09,1,Cerah Berawan,31.25,21.5,25.816666,72.01208,0.0,0.0,15.426535,28.08,20.8
2025-07-10,3,Mendung,31.3,20.0,25.479166,70.93075,0.0,0.0,7.519175,19.08,21.56
2025-07-11,3,Mendung,31.3,20.0,25.885416,72.03714,0.0,0.0,10.472535,26.28,20.72
2025-07-12,55,Gerimis Lebat,31.5,22.8,25.985415,77.38323,2.3999999,5.0,16.09969,31.319998,14.87
2025-07-13,51,Gerimis Ringan,32.15,23.95,27.69792,75.96728,0.6,6.0,19.175703,40.32,18.24
2025-07-14,51,Gerimis Ringan,32.45,23.25,26.9375,79.0639,0.6,2.0,9.3962755,24.84,19.9
2025-07-15,51,Gerimis Ringan,32.55,22.3,27.0375,76.45725,0.8,4.0,8.431228,20.16,19.81
2025-07-16,3,Mendung,32.8,23.15,27.197916,78.65276,0.0,0.0,13.115319,23.759998,19.17
2025-07-17,3,Mendung,31.95,21.95,26.6,72.97764,0.0,0.0,11.028581,19.44,20.4
2025-07-18,51,Gerimis Ringan,30.95,21.3,26.233332,74.74453,0.1,1.0,9.422101,18.72,19.75
2025-07-19,3,Mendung,30.85,20.65,25.71667,74.576836,0.0,0.0,11.144021,19.44,20.07
2025-07-20,3,Mendung,31.2,20.7,25.635416,71.61914,0.0,0.0,9.901636,20.16,21.23
2025-07-21,3,Mendung,31.3,19.85,25.306252,71.40392,0.0,0.0,7.9526596,19.44,21.88
2025-07-22,51,Gerimis Ringan,31.25,19.9,25.610418,75.35017,0.1,1.0,11.272657,26.64,21.8
2025-07-23,51,Gerimis Ringan,32.0,21.65,26.637503,77.2131,0.2,1.0,8.099999,21.24,18.68
2025-07-24,2,Berawan,32.7,22.45,27.460419,76.40882,0.0,0.0,9.299225,20.519999,20.24
2025-07-25,53,Gerimis Sedang,32.7,22.85,27.52083,76.41947,1.4,2.0,12.452566,28.08,20.69
2025-07-26,51,Gerimis Ringan,33.2,22.8,27.650002,77.85053,0.4,3.0,9.984729,21.599998,20.96
2025-07-27,55,Gerimis Lebat,32.9,23.45,27.310415,79.497215,1.2,2.0,12.241323,27.72,19.26
2025-07-28,51,Gerimis Ringan,33.05,23.25,27.256247,80.7404,0.8000001,8.0,10.385547,27.359999,20.04
2025-07-29,51,Gerimis Ringan,32.85,23.55,27.608335,75.82159,0.1,1.0,13.276144,29.88,20.44
2025-07-30,51,Gerimis Ringan,32.45,23.25,27.21875,74.658325,0.4,4.0,8.536252,20.16,19.03
2025-07-31,3,Mendung,32.5,21.8,26.839582,74.26362,0.0,0.0,13.666967,28.44,22.14
2025-08-01,2,Berawan,32.55,21.55,26.99375,75.913155,0.0,0.0,12.611567,28.08,21.65
2025-08-02,51,Gerimis Ringan,32.85,22.9,27.795835,75.120514,0.5,3.0,16.584438,35.28,21.63
2025-08-03,51,Gerimis Ringan,33.35,24.1,28.304167,73.27926,0.6,2.0,14.356058,31.68,21.48
2025-08-04,61,Hujan Ringan,32.85,23.0,27.045837,79.179375,4.0,5.0,15.277749,31.68,20.61
2025-08-05,53,Gerimis Sedang,32.25,22.85,26.664583,79.75412,1.5,8.0,8.827344,21.599998,19.48
2025-08-06,3,Mendung,32.65,22.6,27.258333,76.648544,0.0,0.0,8.967541,18.359999,19.18
2025-08-07,3,Mendung,32.35,22.3,27.004166,76.269936,0.0,0.0,13.125196,25.919998,18.05
2025-08-08,3,Mendung,32.6,23.35,27.379168,74.89962,0.0,0.0,12.74954,25.919998,20.83
2025-08-09,3,Mendung,33.3,22.05,27.381248,73.86448,0.0,0.0,15.856354,31.68,22.46
2025-08-10,51,Gerimis Ringan,32.6,23.45,27.643751,75.08106,1.0000001,7.0,14.081477,29.16,20.78
2025-08-11,51,Gerimis Ringan,33.9,22.95,27.824999,73.72677,0.3,2.0,15.84,33.12,22.1
2025-08-12,53,Gerimis Sedang,32.5,22.75,27.008331,74.714645,2.1000001,6.0,11.103243,24.119999,20.01
2025-08-13,51,Gerimis Ringan,31.85,22.8,26.889582,72.55622,0.3,2.0,13.533558,31.319998,21.14
2025-08-14,51,Gerimis Ringan,32.0,22.4,26.681252,70.1875,0.4,2.0,16.635155,32.399998,20.73
2025-08-15,3,Mendung,32.6,20.9,26.602081,66.13743,0.0,0.0,13.441071,29.16,23.49
2025-08-16,3,Mendung,32.4,22.1,27.027082,71.31605,0.0,0.0,16.09969,32.760002,22.89
2025-08-17,3,Mendung,32.6,22.05,27.531252,70.33978,0.0,0.0,16.956345,34.92,22.69
2025-08-18,63,Hujan Sedang,32.15,23.75,27.164581,77.24381,3.8,8.0,19.287737,38.88,19.75
2025-08-19,65,Hujan Lebat,30.85,23.3,25.631247,88.01168,18.8,15.0,14.677451,32.760002,14.95
2025-08-20,53,Gerimis Sedang,31.4,22.65,26.137497,84.21015,0.9000001,4.0,6.519877,19.44,19.51
2025-08-21,51,Gerimis Ringan,31.2,22.05,26.237503,82.88424,0.4,2.0,13.169555,28.44,20.03
2025-08-22,51,Gerimis Ringan,31.3,23.1,26.670835,80.72306,0.8,7.0,10.120099,22.68,20.83
2025-08-23,51,Gerimis Ringan,32.3,23.0,27.18125,78.27941,0.1,1.0,11.968308,25.919998,22.01
2025-08-24,3,Mendung,32.0,22.55,26.997917,78.82906,0.0,0.0,10.739832,20.16,21.98
2025-08-25,3,Mendung,31.5,22.45,26.612497,76.32475,0.0,0.0,11.079873,20.519999,21.27
2025-08-26,3,Mendung,32.35,20.95,26.329168,70.44261,0.0,0.0,12.601285,21.599998,22.61
2025-08-27,3,Mendung,32.6,22.2,27.079168,72.393135,0.0,0.0,10.966713,19.44,22.87
2025-08-28,51,Gerimis Ringan,31.6,22.7,26.606253,77.03303,1.1,7.0,13.350371,25.199999,20.75
2025-08-29,3,Mendung,32.8,22.4,27.045835,71.65718,0.0,0.0,13.358861,26.64,22.26
2025-08-30,3,Mendung,32.7,22.75,27.34375,69.1944,0.0,0.0,14.587776,32.399998,24.06
2025-08-31,3,Mendung,32.9,22.15,27.410418,67.72433,0.0,0.0,16.415567,35.64,23.82
2025-09-01,3,Mendung,32.6,21.5,27.481249,69.78887,0.0,0.0,18.396141,38.16,23.39
2025-09-02,51,Gerimis Ringan,32.45,24.55,28.366667,68.6117,0.5,4.0,24.604753,52.92,22.5
2025-09-03,3,Mendung,32.8,24.85,28.36042,70.17054,0.0,0.0,21.183483,45.36,23.44
2025-09-04,51,Gerimis Ringan,33.3,23.1,27.614584,73.961784,0.1,1.0,14.57889,31.319998,22.84
2025-09-05,3,Mendung,33.7,22.4,27.627085,69.02326,0.0,0.0,16.02101,31.319998,23.99
2025-09-06,51,Gerimis Ringan,32.6,23.55,27.44792,67.24219,0.4,4.0,9.354806,17.28,21.78
2025-09-07,3,Mendung,33.4,22.5,27.620832,61.73889,0.0,0.0,11.9466305,24.84,23.28
2025-09-08,3,Mendung,33.95,23.4,28.004168,63.377483,0.0,0.0,15.151039,28.08,22.22
2025-09-09,51,Gerimis Ringan,34.2,23.6,27.847918,72.25378,0.3,2.0,16.395817,35.64,22.18
2025-09-10,61,Hujan Ringan,33.35,23.65,27.160416,78.73147,4.8,8.0,12.85205,31.68,19.58
2025-09-11,53,Gerimis Sedang,33.0,23.65,27.393751,78.86123,1.2,5.0,10.658068,27.359999,21.31
2025-09-12,51,Gerimis Ringan,35.5,22.95,28.208334,70.24148,0.3,2.0,12.140329,26.28,24.28
2025-09-13,53,Gerimis Sedang,34.45,23.6,28.049997,71.77311,0.6,1.0,14.05845,32.760002,23.73
2025-09-14,51,Gerimis Ringan,34.4,23.35,28.064577,71.948906,0.3,2.0,16.04526,34.92,24.05
2025-09-15,51,Gerimis Ringan,34.75,23.65,28.479166,68.63851,0.4,1.0,14.092977,30.599998,23.47
2025-09-16,65,Hujan Lebat,32.75,23.85,26.991667,80.261734,12.000002,6.0,10.594036,27.0,17.72
2025-09-17,53,Gerimis Sedang,32.0,23.35,26.789583,79.720726,2.3,9.0,11.481968,30.239998,20.59
2025-09-18,63,Hujan Sedang,32.6,23.1,26.706247,80.869194,3.4999998,6.0,11.391313,31.319998,21.49
2025-09-19,53,Gerimis Sedang,32.8,22.4,27.335417,77.98394,1.9000001,8.0,15.710607,34.56,20.6
2025-09-20,51,Gerimis Ringan,33.7,23.65,28.21667,75.88902,0.6,4.0,12.996199,30.599998,23.46
2025-09-21,51,Gerimis Ringan,33.4,24.15,28.027084,78.433846,1.7000002,12.0,10.9859,27.359999,21.27
2025-09-22,3,Mendung,35.25,23.35,28.431252,68.152985,0.0,0.0,15.095336,32.039997,24.22
2025-09-23,3,Mendung,35.35,22.7,28.389582,68.3566,0.0,0.0,10.196647,21.96,24.6
2025-09-24,51,Gerimis Ringan,34.45,23.35,27.831251,73.86596,0.5,3.0,9.179999,23.4,23.18
2025-09-25,51,Gerimis Ringan,34.2,23.15,28.387497,72.55252,0.1,1.0,13.891522,33.12,23.27
2025-09-26,51,Gerimis Ringan,35.8,24.15,29.61875,64.75951,0.1,1.0,18.080818,38.16,24.67
2025-09-27,51,Gerimis Ringan,34.9,24.4,29.541664,66.48948,0.2,1.0,17.339897,38.519997,22.99
2025-09-28,51,Gerimis Ringan,34.95,26.4,30.0625,63.682938,0.4,1.0,19.290257,42.48,22.06
2025-09-29,63,Hujan Sedang,34.9,23.6,28.095833,76.09978,10.7,11.0,19.023878,42.12,22.24
2025-09-30,55,Gerimis Lebat,30.7,23.5,25.993752,85.850395,4.9,9.0,15.787753,33.12,12.89
2025-10-01,63,Hujan Sedang,32.2,23.8,27.529165,80.60023,5.8,11.0,16.180988,36.36,22.17
2025-10-02,51,Gerimis Ringan,34.55,23.55,28.535416,74.344666,0.2,2.0,10.718693,25.56,24.81
2025-10-03,53,Gerimis Sedang,35.5,23.95,29.110415,69.998116,0.9,3.0,10.908951,25.56,24.97
2025-10-04,3,Mendung,35.55,22.6,28.735415,66.03713,0.0,0.0,15.893093,33.12,24.79
2025-10-05,51,Gerimis Ringan,34.95,23.7,28.502085,71.22846,0.2,2.0,18.22361,40.32,24.19
2025-10-06,53,Gerimis Sedang,34.25,23.7,28.516668,72.879845,0.6,2.0,15.4800005,36.719997,23.48
2025-10-07,51,Gerimis Ringan,36.2,24.2,28.83333,71.20638,0.2,1.0,11.885453,28.44,23.76
2025-10-08,51,Gerimis Ringan,35.55,23.7,29.033333,65.02681,0.6,2.0,14.14232,25.919998,24.1
2025-10-09,51,Gerimis Ringan,34.7,22.75,28.60417,66.06338,0.1,1.0,12.37819,29.16,24.6
2025-10-10,3,Mendung,35.05,23.5,28.872917,65.99055,0.0,0.0,17.555305,35.28,24.96
2025-10-11,2,Berawan,34.3,23.55,28.879168,68.654396,0.0,0.0,12.351988,31.319998,24.6
2025-10-12,53,Gerimis Sedang,34.4,24.25,29.006247,72.914345,1.0,2.0,15.905319,40.32,23.55
2025-10-13,63,Hujan Sedang,34.1,24.25,28.862503,75.07202,4.9999995,3.0,14.182355,38.88,22.81
2025-10-14,51,Gerimis Ringan,34.95,24.5,29.2875,73.85378,0.4,3.0,15.697197,36.719997,24.27
2025-10-15,53,Gerimis Sedang,34.15,24.9,29.020834,74.561005,1.6999999,5.0,13.701299,33.48,22.02
2025-10-16,3,Mendung,35.8,24.5,29.852083,67.85507,0.0,0.0,18.089775,39.239998,24.9
2025-10-17,51,Gerimis Ringan,36.15,24.85,29.797915,69.28603,0.4,1.0,16.68669,36.719997,24.56
2025-10-18,61,Hujan Ringan,35.55,24.7,29.4375,72.39468,1.6,2.0,14.81915,32.399998,24.51
2025-10-19,53,Gerimis Sedang,34.75,25.05,29.31458,72.75068,1.8000001,7.0,11.4862,29.88,23.23
2025-10-20,63,Hujan Sedang,31.75,25.35,28.133333,80.26171,9.800001,12.0,14.096425,33.48,20.23
2025-10-21,63,Hujan Sedang,31.35,24.55,26.84583,86.3879,26.399998,22.0,12.534257,28.08,14.06
2025-10-22,63,Hujan Sedang,33.05,24.2,26.462502,87.94805,11.5,15.0,15.151039,34.2,14.92
2025-10-23,65,Hujan Lebat,33.05,24.45,27.579165,81.58075,16.5,6.0,9.430695,21.24,21.72
2025-10-24,65,Hujan Lebat,33.3,24.15,26.839582,85.684875,34.600002,15.0,10.694485,25.199999,17.0
2025-10-25,51,Gerimis Ringan,32.6,23.4,27.125,81.16169,1.5000001,10.0,14.978984,33.12,20.0
2025-10-26,55,Gerimis Lebat,33.4,24.1,27.02917,81.15362,2.8,9.0,10.495713,29.16,21.06
2025-10-27,51,Gerimis Ringan,33.1,23.15,27.537498,79.68276,0.2,1.0,9.016185,20.519999,19.63
2025-10-28,65,Hujan Lebat,30.85,24.55,26.777082,85.79114,19.099998,12.0,8.067936,25.56,14.72
2025-10-29,63,Hujan Sedang,31.75,24.25,27.006248,84.134964,7.7,15.0,11.019764,25.199999,17.74
2025-10-30,63,Hujan Sedang,32.0,23.9,26.991667,84.159325,17.5,10.0,12.409561,25.919998,17.42
2025-10-31,61,Hujan Ringan,32.2,24.05,27.414583,82.826515,4.1,13.0,14.009968,32.399998,20.8
2025-11-01,63,Hujan Sedang,32.2,23.55,26.737501,85.12467,16.2,14.0,12.399113,28.08,18.07
2025-11-02,63,Hujan Sedang,32.85,24.85,27.449999,83.770546,17.7,12.0,10.495713,27.359999,20.85
2025-11-03,63,Hujan Sedang,33.05,23.9,27.047915,83.41541,13.299999,9.0,14.713829,30.599998,18.3
2025-11-04,63,Hujan Sedang,33.0,24.1,27.1875,81.70653,8.4,3.0,14.892213,31.68,19.09
2025-11-05,63,Hujan Sedang,31.5,24.5,26.308332,86.97943,28.500002,17.0,13.040997,27.359999,13.11
2025-11-06,65,Hujan Lebat,32.35,24.15,27.49375,81.98291,20.100002,12.0,14.915039,30.960001,19.82
2025-11-07,63,Hujan Sedang,33.15,23.8,27.381248,81.57548,11.4,6.0,11.638917,27.72,21.61
2025-11-08,65,Hujan Lebat,32.45,24.5,27.437494,83.74084,19.500002,10.0,13.433838,30.599998,16.16
2025-11-09,65,Hujan Lebat,32.2,24.85,27.672922,80.24418,11.5,7.0,11.183201,25.919998,16.58
2025-11-10,63,Hujan Sedang,31.95,24.7,26.995834,86.621864,19.400002,17.0,14.589996,29.88,15.67
2025-11-11,63,Hujan Sedang,31.65,24.6,26.316668,87.07113,17.5,22.0,9.178235,28.44,15.94
2025-11-12,63,Hujan Sedang,29.3,24.25,25.952082,87.8847,11.400001,15.0,8.431228,25.199999,10.46
2025-11-13,51,Gerimis Ringan,30.95,24.3,26.766665,79.80945,0.3,2.0,14.637663,30.239998,14.32
2025-11-14,63,Hujan Sedang,31.75,24.35,26.729164,82.7443,11.300001,9.0,15.013554,32.760002,18.37
2025-11-15,65,Hujan Lebat,32.35,24.05,27.227083,79.53834,9.1,2.0,19.748388,47.519997,19.29
2025-11-16,63,Hujan Sedang,32.4,23.75,27.464579,78.332855,7.0,6.0,8.649369,27.72,20.72
2025-11-17,65,Hujan Lebat,31.65,24.1,26.868752,87.024895,12.2,10.0,7.613382,21.24,16.56
2025-11-18,63,Hujan Sedang,32.5,24.05,26.914581,85.46607,10.9,8.0,14.396625,28.44,20.34
2025-11-19,63,Hujan Sedang,31.95,23.8,26.789583,84.65443,13.900002,15.0,9.867218,23.759998,20.66
2025-11-20,63,Hujan Sedang,31.6,24.2,26.408335,87.95246,13.2,13.0,14.22,25.56,14.45
2025-11-21,63,Hujan Sedang,30.85,24.4,26.522917,87.73712,19.000004,19.0,12.313893,27.72,12.66
2025-11-22,63,Hujan Sedang,31.7,24.4,27.500002,83.81423,9.1,12.0,11.236671,28.08,19.53
2025-11-23,61,Hujan Ringan,32.7,24.75,27.404167,84.88681,7.2,14.0,11.843124,25.56,20.78
2025-11-24,51,Gerimis Ringan,32.05,24.05,27.324999,83.82833,0.6,4.0,11.465024,25.919998,17.93
2025-11-25,3,Mendung,33.0,23.3,28.074997,76.470604,0.0,0.0,11.480557,26.28,25.56
2025-11-26,61,Hujan Ringan,33.05,24.65,27.839582,77.56692,3.3,5.0,16.45204,38.519997,24.01
2025-11-27,61,Hujan Ringan,32.4,24.9,28.120832,74.72756,2.2,4.0,13.666967,24.119999,20.53
2025-11-28,65,Hujan Lebat,32.55,24.4,27.629166,78.659386,11.3,10.0,12.156331,26.64,19.77
2025-11-29,53,Gerimis Sedang,32.55,24.5,27.785418,71.27587,1.9000001,7.0,16.053335,32.760002,22.58
2025-11-30,63,Hujan Sedang,31.8,23.8,27.360415,77.665855,6.9,5.0,9.6480665,21.24,18.98
2025-12-01,65,Hujan Lebat,31.95,23.65,27.179167,83.8162,18.3,12.0,10.196647,25.56,18.73
2025-12-02,63,Hujan Sedang,31.9,23.85,26.864584,81.862175,15.400001,11.0,11.767651,22.68,19.51
2025-12-03,53,Gerimis Sedang,30.4,24.5,27.079165,86.417076,0.90000004,4.0,8.707237,19.44,12.0
2025-12-04,63,Hujan Sedang,32.0,23.9,26.337502,86.68594,18.100002,13.0,16.415567,33.48,18.03
2025-12-05,65,Hujan Lebat,32.3,23.6,26.310415,85.829994,15.1,8.0,16.895088,33.12,20.51
2025-12-06,63,Hujan Sedang,31.15,23.75,26.331253,85.78536,14.200001,8.0,14.810401,29.16,17.37
2025-12-07,65,Hujan Lebat,31.45,24.15,26.787504,87.355675,16.900002,11.0,9.779817,20.880001,18.51
2025-12-08,65,Hujan Lebat,30.75,25.0,27.341665,83.1525,20.3,7.0,16.037182,33.48,21.77
2025-12-09,63,Hujan Sedang,30.25,23.75,26.370834,85.02576,28.400002,12.0,15.561413,34.56,14.16
2025-12-10,63,Hujan Sedang,31.55,23.85,26.829168,85.17577,6.7999997,10.0,12.936227,28.44,18.21
2025-12-11,53,Gerimis Sedang,32.0,24.35,27.535414,82.328865,1.9000001,8.0,12.992459,28.44,22.51
2025-12-12,51,Gerimis Ringan,32.65,23.9,27.72917,77.87275,0.4,3.0,11.19189,22.319998,23.94
2025-12-13,55,Gerimis Lebat,30.6,25.0,27.51042,80.65337,2.9,7.0,12.425216,27.359999,20.18
2025-12-14,63,Hujan Sedang,30.35,24.0,26.38125,86.161995,17.800001,15.0,16.917128,34.92,17.99
2025-12-15,65,Hujan Lebat,31.85,23.9,27.18125,79.65348,14.4,5.0,16.260885,33.839996,21.52
2025-12-16,51,Gerimis Ringan,32.25,24.95,28.056246,71.6533,0.1,1.0,13.748513,27.0,23.45
2025-12-17,51,Gerimis Ringan,32.85,23.25,28.147919,75.40382,0.5,4.0,11.213581,21.96,24.99
2025-12-18,65,Hujan Lebat,31.45,24.3,26.533335,87.27966,27.8,14.0,12.744457,28.08,17.23
2025-12-19,53,Gerimis Sedang,29.25,24.5,26.445831,87.03662,2.4999998,8.0,10.316686,21.24,11.46
2025-12-20,65,Hujan Lebat,31.5,23.75,26.102083,88.13207,32.0,16.0,17.063011,35.64,18.04
2025-12-21,63,Hujan Sedang,31.55,23.8,26.470833,86.68176,7.6999993,14.0,14.759999,36.0,17.31
2025-12-22,53,Gerimis Sedang,32.5,24.5,27.277084,83.93809,3.3,11.0,16.144905,35.28,18.73
2025-12-23,61,Hujan Ringan,32.05,24.6,27.31458,84.28745,3.2,6.0,14.618837,30.239998,22.63
2025-12-24,61,Hujan Ringan,32.4,24.75,27.339582,83.22827,3.9,7.0,13.558673,29.519999,23.13
2025-12-25,63,Hujan Sedang,32.65,24.75,27.947916,78.71975,10.000001,9.0,13.040997,26.64,23.93
2025-12-26,63,Hujan Sedang,31.55,24.65,26.8125,86.64618,20.200003,12.0,17.992796,37.44,21.0
2025-12-27,65,Hujan Lebat,31.65,24.45,26.454168,87.655,18.0,13.0,13.979871,30.239998,11.05
2025-12-28,55,Gerimis Lebat,33.1,24.5,27.71667,83.2485,2.2,6.0,10.703569,24.84,22.4
2025-12-29,61,Hujan Ringan,32.15,24.9,27.591661,81.94868,4.7999997,7.0,12.074766,28.44,23.16
2025-12-30,63,Hujan Sedang,32.05,24.75,27.4375,83.67817,5.0,7.0,6.638072,17.28,19.6
2025-12-31,65,Hujan Lebat,29.15,24.1,26.083334,88.54956,16.7,11.0,12.961249,27.0,12.95
2026-01-01,63,Hujan Sedang,32.4,23.55,26.899996,84.57128,11.0,11.0,13.379461,27.72,18.95
2026-01-02,63,Hujan Sedang,31.2,23.6,26.675001,85.20986,10.3,14.0,11.688918,27.0,17.61
2026-01-03,63,Hujan Sedang,30.65,24.15,25.775002,88.95867,17.5,18.0,13.321216,27.0,14.03
2026-01-04,53,Gerimis Sedang,31.3,23.85,26.760416,84.56922,1.4000001,4.0,17.161469,35.28,19.43
2026-01-05,65,Hujan Lebat,29.65,24.05,26.410416,87.47535,16.7,8.0,12.841963,27.359999,13.46
2026-01-06,53,Gerimis Sedang,32.45,25.35,28.293753,77.4201,0.9,1.0,15.122143,33.12,23.46
2026-01-07,61,Hujan Ringan,31.7,25.0,27.735415,78.073135,2.6,5.0,13.971757,30.239998,17.96
2026-01-08,63,Hujan Sedang,31.5,23.9,26.77083,81.968414,15.099999,11.0,11.165805,27.72,20.82
2026-01-09,63,Hujan Sedang,31.15,23.95,25.835413,89.56501,14.999999,13.0,14.584445,34.92,16.82
2026-01-10,65,Hujan Lebat,28.2,23.55,25.189583,90.63757,28.700003,23.0,19.447498,42.839996,10.95
2026-01-11,65,Hujan Lebat,28.95,23.55,25.227083,90.32941,24.300001,15.0,17.878086,38.88,15.65
2026-01-12,63,Hujan Sedang,28.1,23.25,25.28333,90.321495,17.600002,21.0,18.762356,43.56,13.2
2026-01-13,61,Hujan Ringan,29.5,23.45,26.020836,85.381355,8.400002,13.0,22.040997,44.28,19.47
2026-01-14,63,Hujan Sedang,29.65,23.75,25.793749,87.06214,23.0,14.0,18.807201,44.28,15.57
2026-01-15,63,Hujan Sedang,29.3,23.75,25.508331,88.07163,10.2,13.0,19.484116,43.92,16.02
2026-01-16,63,Hujan Sedang,29.7,23.25,25.935415,87.08906,7.299999,13.0,17.782686,44.639996,16.76
2026-01-17,63,Hujan Sedang,30.1,23.8,26.210413,87.654335,18.5,9.0,16.344357,38.519997,19.33
2026-01-18,63,Hujan Sedang,27.3,23.65,25.262505,91.64432,21.6,20.0,15.68584,42.48,9.94
2026-01-19,65,Hujan Lebat,30.35,24.0,26.275,88.22216,12.4,14.0,18.792551,39.239998,20.23
2026-01-20,65,Hujan Lebat,30.5,23.8,26.002083,88.1946,28.800001,18.0,17.571909,43.199997,17.73
2026-01-21,63,Hujan Sedang,29.85,23.35,26.268753,83.13538,18.500002,14.0,23.555254,49.32,17.6
2026-01-22,61,Hujan Ringan,29.1,24.25,25.783333,86.19085,6.6,17.0,25.072392,51.839996,14.02
2026-01-23,63,Hujan Sedang,29.75,23.35,26.093752,82.904915,14.700001,17.0,23.940676,51.48,17.53
2026-01-24,51,Gerimis Ringan,31.0,23.1,26.764585,81.34844,0.6,4.0,23.12212,46.8,23.76
2026-01-25,53,Gerimis Sedang,30.5,23.85,26.839582,81.698685,1.3000001,7.0,20.398058,43.92,23.58
2026-01-26,63,Hujan Sedang,30.3,24.35,26.59167,84.84234,9.6,6.0,18.38557,38.88,18.66
2026-01-27,65,Hujan Lebat,29.35,24.1,25.783333,87.296104,15.400001,10.0,17.471132,39.6,14.46
2026-01-28,51,Gerimis Ringan,29.25,23.55,25.918753,86.89236,0.90000004,7.0,15.898188,40.68,14.6
2026-01-29,61,Hujan Ringan,30.9,23.7,26.774996,82.89002,3.4,7.0,17.194475,34.2,23.59
2026-01-30,63,Hujan Sedang,31.05,23.7,26.654165,85.16401,10.599999,11.0,13.733186,33.48,23.73
2026-01-31,61,Hujan Ringan,31.35,23.7,26.675001,84.95019,7.6,11.0,14.650939,33.839996,22.69
2026-02-01,63,Hujan Sedang,29.85,24.7,26.372917,86.404236,23.000002,11.0,22.065973,43.56,18.72
2026-02-02,63,Hujan Sedang,30.25,23.95,26.110415,86.90797,19.200003,16.0,18.519018,39.96,22.56
2026-02-03,65,Hujan Lebat,31.75,23.9,26.464586,85.146484,24.4,10.0,15.316933,32.399998,23.23
2026-02-04,63,Hujan Sedang,31.75,23.55,25.968752,86.6643,26.7,13.0,15.426535,38.16,20.74
2026-02-05,55,Gerimis Lebat,30.05,23.5,26.227083,86.89166,6.499999,13.0,19.219584,41.760002,19.66
2026-02-06,65,Hujan Lebat,30.6,24.1,26.506248,85.90024,20.700003,11.0,18.919704,39.6,22.26
2026-02-07,63,Hujan Sedang,29.3,24.5,26.097916,88.90186,21.1,19.0,19.357323,43.92,16.01
2026-02-08,63,Hujan Sedang,29.8,24.05,26.15833,88.618256,14.200001,13.0,16.985933,37.44,16.91
2026-02-09,63,Hujan Sedang,30.15,24.0,26.212502,87.93387,13.400001,15.0,16.743872,39.96,18.12
2026-02-10,63,Hujan Sedang,30.8,23.95,26.04167,86.809135,13.900001,12.0,11.874544,26.28,16.6
2026-02-11,63,Hujan Sedang,30.35,23.75,26.043753,87.32645,20.0,10.0,10.484903,25.199999,19.47
2026-02-12,65,Hujan Lebat,31.0,23.85,26.093752,87.52542,32.299995,14.0,14.48972,35.28,18.86
2026-02-13,63,Hujan Sedang,29.85,23.5,25.86458,86.8148,16.3,18.0,18.307867,40.32,15.88
2026-02-14,63,Hujan Sedang,31.3,24.0,26.335417,86.45501,17.800001,14.0,16.981165,32.399998,20.93
2026-02-15,63,Hujan Sedang,30.15,23.6,26.231249,87.54358,12.200002,19.0,14.05845,33.12,18.25
2026-02-16,63,Hujan Sedang,30.4,23.65,26.514582,86.62692,17.900002,15.0,15.086748,29.88,17.89
2026-02-17,63,Hujan Sedang,30.4,24.2,26.754164,87.17197,15.900002,10.0,14.14232,31.68,18.7
2026-02-18,63,Hujan Sedang,30.5,23.65,26.164583,88.56437,26.8,18.0,17.965767,45.719997,19.05
2026-02-19,63,Hujan Sedang,30.8,24.3,26.472918,86.945915,19.2,8.0,12.830604,29.519999,15.61
2026-02-20,63,Hujan Sedang,30.95,24.15,26.556253,86.480995,18.599998,8.0,16.279802,36.0,21.02
2026-02-21,61,Hujan Ringan,31.7,23.75,26.502083,84.54641,5.2,10.0,17.307167,43.92,21.48
2026-02-22,63,Hujan Sedang,30.95,24.3,26.277082,87.74735,17.8,14.0,14.260953,36.719997,16.13
2026-02-23,65,Hujan Lebat,30.2,23.9,26.170835,86.944244,22.399998,16.0,17.95043,42.48,18.57
2026-02-24,51,Gerimis Ringan,30.4,23.85,26.372915,81.52495,0.7,3.0,16.383955,32.760002,14.54
2026-02-25,65,Hujan Lebat,30.75,23.65,26.464582,83.46101,17.1,7.0,13.15971,28.8,15.76
2026-02-26,65,Hujan Lebat,29.6,23.9,26.139582,84.99679,23.800001,11.0,13.83192,38.519997,16.19
2026-02-27,65,Hujan Lebat,30.85,24.1,25.949997,86.91024,19.9,9.0,18.080818,35.64,17.04
2026-02-28,53,Gerimis Sedang,31.65,23.3,26.425001,85.50778,1.8000001,6.0,14.411245,40.32,18.62
2026-03-01,55,Gerimis Lebat,31.25,24.2,27.243746,82.33425,2.0,3.0,17.878086,38.519997,19.2
2026-03-02,65,Hujan Lebat,30.8,24.6,26.666664,87.38749,25.899998,12.0,15.048042,33.48,16.39
2026-03-03,65,Hujan Lebat,30.45,23.6,26.345833,88.42025,28.5,15.0,14.739132,33.48,16.37
2026-03-04,63,Hujan Sedang,31.2,23.5,25.952082,87.677185,11.4,11.0,13.926464,43.92,16.81
2026-03-05,63,Hujan Sedang,30.6,23.9,26.39167,85.288124,19.1,14.0,20.70704,45.719997,18.75
2026-03-06,55,Gerimis Lebat,30.65,24.15,26.968752,83.598854,2.5,7.0,24.37721,49.68,23.26
2026-03-07,65,Hujan Lebat,30.9,24.3,26.516668,83.163925,21.200003,7.0,21.862406,50.76,20.75
2026-03-08,63,Hujan Sedang,30.6,23.6,25.868752,87.234764,13.9,15.0,20.82484,42.839996,17.69
2026-03-09,61,Hujan Ringan,32.35,23.85,27.150002,79.609,3.1000001,6.0,15.206537,36.719997,22.46
2026-03-10,63,Hujan Sedang,31.8,24.25,27.025003,82.049774,8.6,7.0,15.056652,34.92,23.64
2026-03-11,63,Hujan Sedang,31.55,24.05,27.252083,79.7799,10.6,5.0,16.862455,37.079998,24.89
2026-03-12,65,Hujan Lebat,31.45,23.7,27.050001,79.24905,12.6,6.0,15.206537,39.96,24.39
2026-03-13,63,Hujan Sedang,32.55,22.65,26.8375,79.273766,15.0,7.0,15.009236,31.68,25.29
2026-03-14,51,Gerimis Ringan,32.55,23.2,27.183329,79.10616,0.3,1.0,11.855429,25.919998,24.55
2026-03-15,63,Hujan Sedang,31.45,23.7,26.454168,85.09887,11.8,9.0,13.337016,32.039997,22.15
2026-03-16,63,Hujan Sedang,31.95,23.15,26.512499,84.39238,13.6,9.0,11.638917,29.16,23.2
2026-03-17,61,Hujan Ringan,32.5,23.25,26.808332,85.02358,8.599999,10.0,11.032987,25.56,23.14
2026-03-18,51,Gerimis Ringan,32.3,23.9,27.395834,83.31261,0.5,2.0,13.369771,29.16,23.18
2026-03-19,65,Hujan Lebat,31.95,24.05,26.716667,86.38673,27.3,12.0,13.902014,28.08,19.13
2026-03-20,63,Hujan Sedang,31.75,24.3,26.77917,85.22898,4.6,9.0,12.688404,25.919998,20.06
2026-03-21,63,Hujan Sedang,31.7,23.7,26.697916,86.02478,24.7,16.0,9.340941,23.759998,19.32
2026-03-22,63,Hujan Sedang,31.6,23.75,26.610415,85.921265,17.2,19.0,10.094454,25.199999,18.23
2026-03-23,63,Hujan Sedang,32.6,23.95,27.43958,79.5225,3.0,2.0,11.1090765,25.199999,23.63
2026-03-24,63,Hujan Sedang,30.8,24.35,26.574999,85.911064,7.6999993,11.0,15.426535,34.56,19.23
2026-03-25,63,Hujan Sedang,30.75,23.9,26.725004,85.6708,18.9,13.0,14.707222,34.56,20.87
2026-03-26,63,Hujan Sedang,31.4,23.85,26.427084,88.1828,11.100001,12.0,14.913952,37.8,18.24
2026-03-27,63,Hujan Sedang,31.3,23.45,26.616669,86.41611,23.300001,22.0,14.1102085,28.44,19.14
2026-03-28,65,Hujan Lebat,31.2,23.5,26.402084,87.9235,20.7,15.0,9.449572,21.24,16.84
2026-03-29,63,Hujan Sedang,32.1,24.05,27.527084,84.983185,11.5,12.0,7.120815,20.16,20.61
2026-03-30,63,Hujan Sedang,31.55,23.35,26.491667,86.47117,10.7,10.0,8.36758,28.44,20.01
2026-03-31,53,Gerimis Sedang,31.55,23.9,26.9,84.892624,1.7000002,9.0,11.666721,28.08,19.85
2026-04-01,53,Gerimis Sedang,32.35,23.45,27.506254,81.973656,1.2,7.0,14.230248,30.239998,22.81
2026-04-02,63,Hujan Sedang,31.8,24.2,27.029167,85.45849,6.7999997,8.0,10.739832,30.239998,19.82
2026-04-03,63,Hujan Sedang,31.25,23.2,26.91667,85.40597,6.6999993,9.0,13.31635,31.68,21.43
2026-04-04,61,Hujan Ringan,31.7,24.55,27.387499,83.93977,3.6,6.0,13.722565,32.399998,21.45
2026-04-05,51,Gerimis Ringan,32.5,23.25,27.454165,80.40599,0.4,2.0,13.4903965,26.64,23.07
2026-04-06,63,Hujan Sedang,32.2,23.7,27.202082,83.414154,10.5,10.0,9.659814,24.119999,21.51
2026-04-07,63,Hujan Sedang,32.25,23.85,27.266668,83.85844,9.8,7.0,9.016185,26.64,22.37
2026-04-08,63,Hujan Sedang,31.75,24.35,27.110418,85.499535,14.799999,11.0,11.043261,24.84,20.33
2026-04-09,65,Hujan Lebat,32.0,23.9,26.902082,85.459236,23.900003,11.0,12.061343,22.319998,17.34
2026-04-10,63,Hujan Sedang,31.95,24.2,26.704165,86.640755,7.7,9.0,10.152064,23.759998,18.39
2026-04-11,65,Hujan Lebat,32.1,24.65,26.895834,87.511894,15.799999,13.0,9.266067,20.519999,17.49
2026-04-12,61,Hujan Ringan,32.25,23.5,26.525002,86.05744,6.8,12.0,17.518356,36.719997,18.64
2026-04-13,51,Gerimis Ringan,32.4,23.2,27.433332,81.17462,0.8000001,5.0,14.58,29.88,22.76
2026-04-14,51,Gerimis Ringan,32.35,24.85,28.016668,78.187294,0.2,2.0,15.602999,32.760002,22.28
2026-04-15,3,Mendung,32.3,23.65,27.927078,75.43908,0.0,0.0,12.140329,25.919998,22.5
2026-04-16,51,Gerimis Ringan,32.65,24.15,28.043749,77.60992,0.70000005,5.0,10.897063,24.119999,22.47
2026-04-17,51,Gerimis Ringan,32.6,24.7,28.154167,77.587326,0.5,3.0,11.113451,24.119999,22.63
2026-04-18,55,Gerimis Lebat,32.65,24.2,27.597921,83.40848,1.5000001,3.0,9.0,19.44,21.14
2026-04-19,63,Hujan Sedang,31.65,24.0,27.683332,83.23347,4.4,3.0,5.6233797,16.199999,21.96
2026-04-20,3,Mendung,33.2,23.15,28.05625,75.0794,0.0,0.0,5.7176566,15.119999,23.19
2026-04-21,63,Hujan Sedang,32.15,24.25,27.30208,84.176575,10.0,6.0,8.187527,21.24,19.21
2026-04-22,63,Hujan Sedang,30.1,24.6,26.493746,88.15803,11.6,15.0,7.995323,23.039999,13.54
2026-04-23,65,Hujan Lebat,31.5,23.95,27.004164,86.13962,10.200001,7.0,12.442153,29.519999,19.93
2026-04-24,53,Gerimis Sedang,32.45,24.65,28.15625,83.27744,1.7000002,7.0,13.379461,28.8,21.46
2026-04-25,51,Gerimis Ringan,32.65,24.5,28.210413,81.919365,0.6,3.0,15.385525,32.039997,21.36
2026-04-26,63,Hujan Sedang,32.85,24.7,27.910414,83.30202,7.7999997,11.0,11.132385,24.119999,20.67
2026-04-27,51,Gerimis Ringan,30.65,24.85,27.122917,87.48229,1.5,7.0,7.7734165,19.08,13.85
2026-04-28,61,Hujan Ringan,32.3,24.5,27.502085,85.643715,3.7,7.0,12.744457,33.12,19.03
2026-04-29,63,Hujan Sedang,30.8,25.0,27.329168,87.17181,8.700001,9.0,12.966248,30.960001,16.35
2026-04-30,65,Hujan Lebat,31.1,23.6,26.49584,89.08434,29.300001,20.0,9.039514,22.68,14.1
2026-05-01,63,Hujan Sedang,31.75,23.9,26.883337,87.04853,13.700001,9.0,8.863972,19.8,16.6
2026-05-02,53,Gerimis Sedang,31.35,23.65,27.106247,86.43136,3.6,9.0,12.24,26.64,18.45
2026-05-03,61,Hujan Ringan,31.5,24.5,27.074999,85.575195,5.5,12.0,12.081473,28.44,19.58
2026-05-04,53,Gerimis Sedang,32.8,24.6,27.981249,79.528786,1.0,4.0,9.901636,22.319998,20.26
2026-05-05,51,Gerimis Ringan,32.55,24.55,27.84583,80.786934,0.4,4.0,9.979859,21.24,19.9
2026-05-06,51,Gerimis Ringan,32.75,24.45,28.024996,77.55599,0.1,1.0,13.363711,26.64,21.99
2026-05-07,3,Mendung,32.85,22.65,27.63542,79.25876,0.0,0.0,11.9466305,24.84,21.78
2026-05-08,3,Mendung,33.05,23.5,27.900002,78.651955,0.0,0.0,13.493999,28.08,22.36
2026-05-09,51,Gerimis Ringan,33.05,24.35,27.995834,80.07013,0.3,2.0,11.074023,24.48,20.4
2026-05-10,51,Gerimis Ringan,32.45,23.55,27.650002,81.110664,0.2,2.0,13.379461,27.359999,20.71
2026-05-11,3,Mendung,32.55,24.55,28.249998,79.80783,0.0,0.0,11.612441,28.44,21.0
2026-05-12,3,Mendung,33.6,23.55,28.302084,77.42544,0.0,0.0,10.088033,21.599998,21.81
2026-05-13,51,Gerimis Ringan,33.75,24.6,28.277082,79.38276,0.5,5.0,13.1041975,26.64,20.93
2026-05-14,65,Hujan Lebat,32.7,25.05,28.243752,82.558365,10.7,6.0,8.139901,28.08,19.56
2026-05-15,63,Hujan Sedang,32.95,25.2,28.127083,83.59786,9.6,13.0,9.144637,23.4,19.1
2026-05-16,55,Gerimis Lebat,32.15,24.95,27.849998,84.90644,4.1,12.0,5.728979,19.44,18.21
2026-05-17,63,Hujan Sedang,31.9,24.75,27.102087,86.710785,5.1,11.0,13.845967,27.359999,17.47
2026-05-18,51,Gerimis Ringan,31.25,24.3,27.65,81.43986,1.5000001,8.0,10.9859,23.4,18.55
2026-05-19,53,Gerimis Sedang,31.9,24.2,27.48958,81.709114,2.3999996,11.0,9.044888,18.0,18.49
2026-05-20,53,Gerimis Sedang,32.7,24.7,27.987497,80.8218,1.8000002,6.0,14.266632,26.64,20.43
2026-05-21,61,Hujan Ringan,31.2,25.6,28.04167,84.605095,3.4,7.0,13.238261,29.88,19.14
2026-05-22,63,Hujan Sedang,31.2,24.35,26.94792,89.64182,21.199999,19.0,10.703569,24.48,13.29
2026-05-23,61,Hujan Ringan,32.05,24.65,27.56042,83.82017,6.7999997,15.0,8.43699,18.72,17.35
2026-05-24,55,Gerimis Lebat,31.65,24.6,27.218752,85.07763,3.4999998,9.0,13.552696,25.199999,18.66
2026-05-25,61,Hujan Ringan,30.75,24.1,26.68958,86.536,5.3,9.0,9.109138,25.56,17.43
2026-05-26,55,Gerimis Lebat,31.2,24.2,26.941666,85.45275,2.7,8.0,10.30883,21.24,18.57
2026-05-27,55,Gerimis Lebat,30.95,24.25,27.070833,83.59699,1.7,6.0,11.079873,23.759998,18.72
2026-05-28,51,Gerimis Ringan,31.95,23.95,27.502085,78.84564,0.4,4.0,9.47012,16.56,19.36
2026-05-29,51,Gerimis Ringan,31.55,23.2,26.981253,78.32116,1.4,9.0,7.3821945,16.56,18.84
2026-05-30,51,Gerimis Ringan,30.35,22.7,26.531252,79.16259,1.7000002,8.0,7.029225,16.919998,17.89
2026-05-31,51,Gerimis Ringan,31.6,22.2,26.947916,76.58408,0.1,1.0,7.922045,16.56,18.28
2026-06-01,3,Mendung,31.7,22.1,26.883337,74.34845,0.0,0.0,6.9270773,18.359999,20.72
2026-06-02,51,Gerimis Ringan,32.1,23.0,27.404165,75.11351,0.6,5.0,7.406295,14.759999,19.7
2026-06-03,51,Gerimis Ringan,31.75,24.05,27.702082,75.19033,0.6,3.0,10.484903,18.359999,17.7
2026-06-04,3,Mendung,32.4,23.95,27.885416,74.59378,0.0,0.0,14.018059,29.519999,20.16
2026-06-05,51,Gerimis Ringan,32.25,23.8,27.981249,78.398506,0.3,3.0,18.498886,37.44,19.55
2026-06-06,51,Gerimis Ringan,31.15,24.45,27.472916,73.18205,0.3,3.0,18.469963,38.519997,19.08
2026-06-07,3,Mendung,31.5,21.95,26.337502,73.53716,0.0,0.0,14.587776,31.68,21.04
2026-06-08,2,Berawan,31.0,21.5,26.09375,76.248055,0.0,0.0,7.0407386,19.08,20.22
2026-06-09,3,Mendung,31.2,21.25,26.133337,75.874435,0.0,0.0,6.7205353,17.64,20.87
2026-06-10,3,Mendung,31.75,21.9,26.397913,76.48911,0.0,0.0,11.196232,24.84,19.38
2026-06-11,2,Berawan,32.05,20.9,26.589582,74.48536,0.0,0.0,9.449572,20.16,20.6
2026-06-12,61,Hujan Ringan,29.15,23.6,25.958334,87.94275,6.9000006,9.0,12.601285,28.08,10.65
2026-06-13,53,Gerimis Sedang,31.2,23.85,27.066668,84.45171,2.3999999,6.0,13.870515,28.8,18.32
2026-06-14,51,Gerimis Ringan,31.95,24.5,27.725004,78.772896,0.3,3.0,10.662626,23.039999,19.05
2026-06-15,3,Mendung,32.15,23.55,27.322914,76.476654,0.0,0.0,9.255571,21.24,19.89
2026-06-16,3,Mendung,31.55,22.95,26.766665,79.40055,0.0,0.0,9.9408245,20.519999,19.84
2026-06-17,3,Mendung,31.35,22.15,26.574999,80.2687,0.0,0.0,10.656547,23.759998,19.11
2026-06-18,1,Cerah Berawan,31.75,22.6,27.012503,77.82048,0.0,0.0,9.36173,17.64,19.31
2026-06-19,1,Cerah Berawan,32.0,22.7,27.102081,78.54978,0.0,0.0,11.098865,21.599998,20.44
2026-06-20,51,Gerimis Ringan,31.8,23.75,27.504168,79.366486,0.2,2.0,13.091829,25.56,19.3
2026-06-21,51,Gerimis Ringan,31.8,23.5,27.424995,79.63498,0.2,2.0,11.712455,28.44,19.25
2026-06-22,51,Gerimis Ringan,31.3,24.45,27.55625,78.861946,0.6,3.0,16.343367,34.2,19.03
2026-06-23,51,Gerimis Ringan,31.45,24.8,27.610418,79.97421,0.1,1.0,13.833091,30.239998,18.69
2026-06-24,53,Gerimis Sedang,31.7,24.7,27.716673,77.40549,1.9000002,7.0,17.163355,35.28,19.29
2026-06-25,51,Gerimis Ringan,31.85,23.7,27.429167,77.533646,0.70000005,4.0,12.224107,25.199999,19.2
2026-06-26,51,Gerimis Ringan,32.3,23.45,27.449997,78.41279,0.4,4.0,13.842457,28.8,19.59
2026-06-27,51,Gerimis Ringan,31.7,24.5,27.666666,77.43387,1.0,5.0,11.901798,24.48,18.21
2026-06-28,3,Mendung,31.75,23.1,26.835417,75.34206,0.0,0.0,10.601679,18.359999,19.95
2026-06-29,1,Cerah Berawan,31.4,21.85,26.010416,72.43673,0.0,0.0,8.909545,20.880001,21.04
2026-06-30,0,Cerah,31.1,20.6,25.575003,73.27257,0.0,0.0,7.973005,16.56,21.02
2026-07-01,3,Mendung,30.85,20.85,25.550003,74.17748,0.0,0.0,8.099999,15.119999,21.07
2026-07-02,3,Mendung,31.2,21.45,26.208336,75.557976,0.0,0.0,8.39078,16.56,20.74
2026-07-03,2,Berawan,31.35,21.95,26.439583,76.48376,0.0,0.0,9.449572,21.96,20.73
2026-07-04,3,Mendung,31.5,23.05,27.085417,77.24235,0.0,0.0,15.956163,33.48,19.69
2026-07-05,1,Cerah Berawan,31.6,23.4,27.252083,77.821396,0.0,0.0,13.327294,29.519999,19.17
2026-07-06,51,Gerimis Ringan,32.1,24.1,27.489584,74.55549,0.3,3.0,11.701385,25.919998,19.95
2026-07-07,1,Cerah Berawan,32.0,22.75,26.79583,73.57919,0.0,0.0,11.367109,24.48,20.31
2026-07-08,2,Berawan,32.3,22.35,26.910418,67.569984,0.0,0.0,10.658068,19.8,20.68
2026-07-09,2,Berawan,32.1,22.05,26.383333,66.20213,0.0,0.0,10.6261,24.48,20.83
2026-07-10,1,Cerah Berawan,31.75,20.5,25.802084,68.09902,0.0,0.0,11.749741,26.28,21.68
2026-07-11,3,Mendung,31.6,20.65,26.010414,70.10241,0.0,0.0,7.040739,15.119999,21.13
2026-07-12,3,Mendung,31.9,21.9,26.737501,68.532104,0.0,0.0,10.837435,25.56,21.36
2026-07-13,1,Cerah Berawan,31.9,21.35,26.679167,71.96528,0.0,0.0,13.350371,29.16,20.83
2026-07-14,3,Mendung,31.55,22.55,26.729164,73.621056,0.0,0.0,16.546299,34.56,21.16
2026-07-15,51,Gerimis Ringan,31.7,22.25,26.904167,75.47439,0.4,3.0,16.215992,34.2,19.75
2026-07-16,2,Berawan,32.05,22.3,27.064583,76.18951,0.0,0.0,11.722133,25.919998,20.77
2026-07-17,1,Cerah Berawan,32.25,22.25,27.01042,75.34302,0.0,0.0,11.543881,25.56,21.53
2026-07-18,0,Cerah,32.25,22.1,27.081251,72.65581,0.0,0.0,11.592895,25.56,21.16
2026-07-19,51,Gerimis Ringan,32.75,22.05,27.243752,72.235535,0.5,2.0,12.325728,25.919998,20.88
2026-07-20,51,Gerimis Ringan,32.1,22.15,26.989584,72.66272,0.1,1.0,11.391313,26.28,21.01
2026-07-21,51,Gerimis Ringan,32.35,22.55,26.82708,69.842285,0.2,1.0,11.521406,20.16,20.29
2026-07-22,51,Gerimis Ringan,31.8,21.1,26.175001,69.812386,0.1,1.0,11.901798,20.880001,20.8
2026-07-23,3,Mendung,31.15,21.55,25.972916,67.39692,0.0,0.0,11.091564,23.759998,18.86
2026-07-24,2,Berawan,31.65,21.0,25.662498,64.88329,0.0,0.0,10.630672,22.319998,20.73
2026-07-25,2,Berawan,31.55,18.95,25.158333,62.635952,0.0,0.0,16.248924,34.2,22.59
2026-07-26,3,Mendung,31.9,20.45,26.081247,68.86378,0.0,0.0,14.892213,32.039997,22.06
2026-07-27,51,Gerimis Ringan,32.05,20.8,26.664581,70.319595,0.2,2.0,17.910677,37.8,20.71
2026-07-28,3,Mendung,32.0,23.1,27.383337,70.384445,0.0,0.0,15.856356,33.48,16.57
2026-07-29,2,Berawan,32.45,22.75,27.487501,72.007835,0.0,0.0,13.277364,27.0,20.76
2026-07-30,51,Gerimis Ringan,32.45,23.3,27.699999,73.27135,0.2,2.0,11.27553,25.199999,20.08
2026-07-31,51,Gerimis Ringan,31.9,23.65,27.656248,70.90217,0.4,4.0,13.878688,30.239998,19.93
2026-08-01,51,Gerimis Ringan,32.2,22.9,27.310417,74.564766,1.1,7.0,13.878688,29.519999,20.96
2026-08-02,51,Gerimis Ringan,32.65,23.7,27.737501,71.013145,0.4,3.0,17.81909,38.16,21.21
2026-08-03,51,Gerimis Ringan,31.95,24.85,27.839582,71.83642,0.3,3.0,21.479666,43.199997,21.1
2026-08-04,53,Gerimis Sedang,31.85,23.7,27.172918,76.52972,1.5,6.0,13.842457,28.8,18.47
2026-08-05,3,Mendung,31.95,22.25,26.918749,74.72661,0.0,0.0,12.781267,29.16,21.56
2026-08-06,51,Gerimis Ringan,32.0,23.2,27.277082,73.20446,0.2,2.0,14.769874,32.399998,22.33
2026-08-07,2,Berawan,32.1,23.0,27.127083,71.4954,0.0,0.0,17.965767,35.64,22.39
2026-08-08,51,Gerimis Ringan,32.75,22.35,27.15833,70.97694,0.2,2.0,13.543131,28.8,22.02
2026-08-09,3,Mendung,31.85,21.95,26.50833,68.565895,0.0,0.0,12.632101,29.88,22.42
2026-08-10,3,Mendung,31.7,22.25,26.57292,72.45873,0.0,0.0,13.184308,28.8,17.58
2026-08-11,3,Mendung,32.4,21.8,26.895834,70.18916,0.0,0.0,12.601285,28.8,21.09
2026-08-12,1,Cerah Berawan,32.35,21.65,26.56875,71.816185,0.0,0.0,14.650938,30.599998,23.32
2026-08-13,3,Mendung,32.75,21.25,26.975,70.12132,0.0,0.0,13.418153,29.88,22.98
2026-08-14,3,Mendung,33.95,22.9,27.910416,69.296165,0.0,0.0,14.277983,28.44,21.82
2026-08-15,3,Mendung,32.5,22.85,27.51042,68.20848,0.0,0.0,13.556282,28.44,21.25
2026-08-16,51,Gerimis Ringan,33.05,22.75,27.920832,70.06658,0.2,1.0,14.861722,30.960001,21.64
2026-08-17,3,Mendung,33.25,23.8,28.25208,67.13021,0.0,0.0,14.417988,32.399998,23.36
2026-08-18,3,Mendung,32.7,24.5,28.152086,69.65261,0.0,0.0,18.88628,39.6,21.75
2026-08-19,51,Gerimis Ringan,32.65,24.2,27.852081,66.277534,0.1,1.0,19.839235,43.199997,21.61
2026-08-20,51,Gerimis Ringan,32.15,23.25,27.308334,68.54812,0.6,4.0,19.734436,40.68,21.45
2026-08-21,2,Berawan,32.15,23.2,27.435417,69.70347,0.0,0.0,18.079027,39.239998,20.47
2026-08-22,51,Gerimis Ringan,32.35,23.25,27.543749,68.27201,0.4,3.0,16.171976,34.92,22.37
2026-08-23,2,Berawan,33.35,23.65,27.683332,67.36732,0.0,0.0,15.763107,33.839996,21.88
2026-08-24,0,Cerah,32.35,22.5,27.310415,65.67372,0.0,0.0,17.769016,38.519997,22.44
2026-08-25,3,Mendung,32.55,22.35,27.285416,67.70225,0.0,0.0,14.98331,33.48,23.98
2026-08-26,3,Mendung,33.2,24.4,28.079168,67.31764,0.0,0.0,14.4415655,33.48,22.52
2026-08-27,3,Mendung,33.9,23.3,28.010414,63.54469,0.0,0.0,16.024044,34.56,22.51
2026-08-28,3,Mendung,33.45,21.9,26.956251,66.35563,0.0,0.0,17.884428,37.079998,23.72
2026-08-29,3,Mendung,33.25,22.5,27.835413,61.802,0.0,0.0,12.585848,30.239998,23.61
2026-08-30,51,Gerimis Ringan,33.45,24.25,28.170835,67.44036,0.90000004,5.0,19.879206,41.760002,19.53
2026-08-31,3,Mendung,33.2,24.15,28.500002,63.46037,0.0,0.0,23.525661,48.6,23.63
2026-09-01,2,Berawan,33.55,23.2,28.175001,65.34777,0.0,0.0,16.560978,37.44,23.19
2026-09-02,0,Cerah,33.65,23.15,28.06458,62.165127,0.0,0.0,20.793701,43.92,24.58
2026-09-03,3,Mendung,33.85,23.15,27.972918,64.65777,0.0,0.0,16.6896,37.079998,23.93
2026-09-04,3,Mendung,33.9,23.2,28.029165,63.15478,0.0,0.0,15.697197,34.2,23.89
2026-09-05,3,Mendung,34.2,21.85,27.631248,63.647217,0.0,0.0,14.589996,33.48,24.59
2026-09-06,3,Mendung,34.35,22.1,27.918753,59.705418,0.0,0.0,15.861461,34.56,24.8
2026-09-07,3,Mendung,35.0,22.4,28.245834,62.272717,0.0,0.0,18.116621,36.719997,24.92
2026-09-08,51,Gerimis Ringan,34.95,23.05,28.377085,61.512695,0.1,1.0,16.697365,34.56,24.24
2026-09-09,51,Gerimis Ringan,34.85,23.25,28.208334,65.35302,0.4,4.0,17.311846,37.079998,23.27
2026-09-10,51,Gerimis Ringan,34.35,23.25,28.42083,65.661,0.5,4.0,15.547875,32.399998,23.13
2026-09-11,51,Gerimis Ringan,34.3,23.4,28.741667,66.64074,0.2,2.0,17.057314,39.6,24.19
2026-09-12,3,Mendung,33.65,25.2,28.975,65.22451,0.0,0.0,25.455843,52.92,20.99
2026-09-13,3,Mendung,34.15,23.6,28.845833,60.757523,0.0,0.0,23.686932,49.68,25.56
2026-09-14,3,Mendung,35.2,22.1,28.475,63.85384,0.0,0.0,17.5931,39.6,25.31
2026-09-15,3,Mendung,34.55,23.5,28.760414,62.237827,0.0,0.0,18.844202,41.399998,24.51
2026-09-16,3,Mendung,34.55,22.65,28.110418,64.26346,0.0,0.0,16.641972,34.92,25.47
2026-09-17,53,Gerimis Sedang,35.3,23.45,28.474998,67.78543,1.0,5.0,15.021105,30.239998,23.06
2026-09-18,51,Gerimis Ringan,34.1,24.0,28.641665,68.12228,1.2,5.0,15.034041,32.039997,23.08
2026-09-19,53,Gerimis Sedang,34.7,25.3,29.345833,64.28718,0.8,3.0,14.51876,34.2,23.08
2026-09-20,51,Gerimis Ringan,34.15,24.95,29.189583,64.94494,0.6,4.0,15.158522,34.56,23.66